==> packages (sudo)
==> fetch musl soft-float toolchain (BusyBox)
toolchain ready: /root/retro-rv64-linux/toolchain/riscv64--musl--bleeding-edge-2020.08-1
riscv64-linux-gcc.br_real (Buildroot 2020.08-14-ge5a2a90) 10.2.0
==> kernel toolchain: riscv64-linux-gnu-gcc (Ubuntu 15.2.0-16ubuntu1) 15.2.0
==> busybox toolchain: riscv64-linux-gcc.br_real (Buildroot 2020.08-14-ge5a2a90) 10.2.0
==> build dir: /root/retro-rv64-linux
==> BusyBox already at /root/retro-rv64-linux/busybox
==> configure BusyBox (static, rv64ima_zicsr_zifencei)
  HOSTCC  scripts/basic/fixdep
  HOSTCC  scripts/basic/split-include
  HOSTCC  scripts/basic/docproc
  GEN     include/applets.h
  GEN     include/usage.h
  GEN     debianutils/Kbuild
  GEN     debianutils/Config.in
  GEN     modutils/Kbuild
  GEN     modutils/Config.in
  GEN     miscutils/Kbuild
  GEN     miscutils/Config.in
  GEN     applets/Kbuild
  GEN     util-linux/Kbuild
  GEN     util-linux/Config.in
  GEN     util-linux/volume_id/Kbuild
  GEN     util-linux/volume_id/Config.in
  GEN     scripts/Kbuild
  GEN     e2fsprogs/Kbuild
  GEN     e2fsprogs/Config.in
  GEN     klibc-utils/Kbuild
  GEN     klibc-utils/Config.in
  GEN     coreutils/Kbuild
  GEN     coreutils/Config.in
  GEN     coreutils/libcoreutils/Kbuild
  GEN     libpwdgrp/Kbuild
  GEN     shell/Kbuild
  GEN     shell/Config.in
  GEN     procps/Kbuild
  GEN     procps/Config.in
  GEN     runit/Kbuild
  GEN     runit/Config.in
  GEN     networking/Kbuild
  GEN     networking/Config.in
  GEN     networking/libiproute/Kbuild
  GEN     networking/udhcp/Kbuild
  GEN     networking/udhcp/Config.in
  GEN     mailutils/Kbuild
  GEN     mailutils/Config.in
  GEN     libbb/Kbuild
  GEN     libbb/Config.in
  GEN     archival/Kbuild
  GEN     archival/Config.in
  GEN     archival/libarchive/Kbuild
  GEN     console-tools/Kbuild
  GEN     console-tools/Config.in
  GEN     printutils/Kbuild
  GEN     printutils/Config.in
  GEN     findutils/Kbuild
  GEN     findutils/Config.in
  GEN     loginutils/Kbuild
  GEN     loginutils/Config.in
  GEN     editors/Kbuild
  GEN     editors/Config.in
  GEN     sysklogd/Kbuild
  GEN     sysklogd/Config.in
  GEN     selinux/Kbuild
  GEN     selinux/Config.in
  GEN     init/Kbuild
  GEN     init/Config.in
  HOSTCC  scripts/kconfig/conf.o
  HOSTCC  scripts/kconfig/kxgettext.o
  HOSTCC  scripts/kconfig/mconf.o
  SHIPPED scripts/kconfig/zconf.tab.c
  SHIPPED scripts/kconfig/lex.zconf.c
  SHIPPED scripts/kconfig/zconf.hash.c
  HOSTCC  scripts/kconfig/zconf.tab.o
In file included from scripts/kconfig/zconf.tab.c:2168:
scripts/kconfig/confdata.c: In function ‘conf_write’:
scripts/kconfig/confdata.c:357:35: warning: assignment discards ‘const’ qualifier from pointer target type [-Wdiscarded-qualifiers]
  357 |                 } else if ((slash = strrchr(name, '/'))) {
      |                                   ^
  HOSTLD  scripts/kconfig/conf
scripts/kconfig/conf -d Config.in
*
* Busybox Configuration
*
*
* Settings
*
Enable compatibility for full-blown desktop systems (8kb) (DESKTOP) [Y/n/?] (NEW) y
Provide compatible behavior for rare corner cases (bigger code) (EXTRA_COMPAT) [N/y/?] (NEW) n
Building for Fedora distribution (FEDORA_COMPAT) [N/y/?] (NEW) n
Enable obsolete features removed before SUSv3 (INCLUDE_SUSv2) [Y/n/?] (NEW) y
Support --long-options (LONG_OPTS) [Y/?] (NEW) y
Show applet usage messages (SHOW_USAGE) [Y/n/?] (NEW) y
  Show verbose applet usage messages (FEATURE_VERBOSE_USAGE) [Y/n/?] (NEW) y
  Store applet usage messages in compressed form (FEATURE_COMPRESS_USAGE) [Y/n/?] (NEW) y
Support files > 2 GB (LFS) [Y/n/?] (NEW) y
Support PAM (Pluggable Authentication Modules) (PAM) [N/y/?] (NEW) n
Use the devpts filesystem for Unix98 PTYs (FEATURE_DEVPTS) [Y/n/?] (NEW) y
Support utmp file (FEATURE_UTMP) [Y/n/?] (NEW) y
  Support wtmp file (FEATURE_WTMP) [Y/n/?] (NEW) y
Support writing pidfiles (FEATURE_PIDFILE) [Y/n/?] (NEW) y
  Directory for pidfiles (PID_FILE_PATH) [/var/run] (NEW) /var/run
Include busybox applet (BUSYBOX) [Y/n/?] (NEW) y
  Support --show SCRIPT (FEATURE_SHOW_SCRIPT) [Y/n] (NEW) y
  Support --install [-s] to install applet links at runtime (FEATURE_INSTALLER) [Y/n/?] (NEW) y
Don't use /usr (INSTALL_NO_USR) [N/y/?] (NEW) n
Drop SUID state for most applets (FEATURE_SUID) [Y/n/?] (NEW) y
  Enable SUID configuration via /etc/busybox.conf (FEATURE_SUID_CONFIG) [Y/n/?] (NEW) y
    Suppress warning message if /etc/busybox.conf is not readable (FEATURE_SUID_CONFIG_QUIET) [Y/n/?] (NEW) y
exec prefers applets (FEATURE_PREFER_APPLETS) [N/y/?] (NEW) n
Path to busybox executable (BUSYBOX_EXEC_PATH) [/proc/self/exe] (NEW) /proc/self/exe
Support NSA Security Enhanced Linux (SELINUX) [N/y/?] (NEW) n
Clean up all memory before exiting (usually not needed) (FEATURE_CLEAN_UP) [N/y/?] (NEW) n
Support LOG_INFO level syslog messages (FEATURE_SYSLOG_INFO) [Y/n/?] (NEW) y
*
* Build Options
*
Build static binary (no shared libs) (STATIC) [N/y/?] (NEW) n
  Build position independent executable (PIE) [N/y/?] (NEW) n
Force NOMMU build (NOMMU) [N/y/?] (NEW) n
Build shared libbusybox (BUILD_LIBBUSYBOX) [N/y/?] (NEW) n
Cross compiler prefix (CROSS_COMPILER_PREFIX) [] (NEW) 
Path to sysroot (SYSROOT) [] (NEW) 
Additional CFLAGS (EXTRA_CFLAGS) [] (NEW) 
Additional LDFLAGS (EXTRA_LDFLAGS) [] (NEW) 
Additional LDLIBS (EXTRA_LDLIBS) [] (NEW) 
Avoid using GCC-specific code constructs (USE_PORTABLE_CODE) [N/y/?] (NEW) n
Use -mpreferred-stack-boundary=2 on i386 arch (STACK_OPTIMIZATION_386) [Y/n/?] (NEW) y
Use -static-libgcc (STATIC_LIBGCC) [Y/n/?] (NEW) y
*
* Installation Options ("make install" behavior)
*
What kind of applet links to install
> 1. as soft-links (INSTALL_APPLET_SYMLINKS) (NEW)
  2. as hard-links (INSTALL_APPLET_HARDLINKS) (NEW)
  3. as script wrappers (INSTALL_APPLET_SCRIPT_WRAPPERS) (NEW)
  4. not installed (INSTALL_APPLET_DONT) (NEW)
choice[1-4?]: 1
Destination path for 'make install' (PREFIX) [./_install] (NEW) ./_install
*
* Debugging Options
*
Build with debug information (DEBUG) [N/y/?] (NEW) n
Enable runtime sanitizers (ASAN/LSAN/USAN/etc...) (DEBUG_SANITIZE) [N/y/?] (NEW) n
Build unit tests (UNIT_TEST) [N/y/?] (NEW) n
Abort compilation on any warning (WERROR) [N/y/?] (NEW) n
Warn about single parameter bb_xx_msg calls (WARN_SIMPLE_MSG) [N/y/?] (NEW) n
Additional debugging library
> 1. None (NO_DEBUG_LIB) (NEW)
  2. Dmalloc (DMALLOC) (NEW)
  3. Electric-fence (EFENCE) (NEW)
choice[1-3?]: 1
*
* Library Tuning
*
Use the end of BSS page (FEATURE_USE_BSS_TAIL) [N/y/?] (NEW) n
Enable fractional duration arguments (FLOAT_DURATION) [Y/n/?] (NEW) y
Support RTMIN[+n] and RTMAX[-n] signal names (FEATURE_RTMINMAX) [Y/n/?] (NEW) y
  Use the definitions of SIGRTMIN/SIGRTMAX provided by libc (FEATURE_RTMINMAX_USE_LIBC_DEFINITIONS) [Y/n/?] (NEW) y
Buffer allocation policy
> 1. Allocate with Malloc (FEATURE_BUFFERS_USE_MALLOC) (NEW)
  2. Allocate on the Stack (FEATURE_BUFFERS_GO_ON_STACK) (NEW)
  3. Allocate in the .bss section (FEATURE_BUFFERS_GO_IN_BSS) (NEW)
choice[1-3?]: 1
Minimum password length (PASSWORD_MINLEN) [6] (NEW) 6
MD5: Trade bytes for speed (0:fast, 3:slow) (MD5_SMALL) [1] (NEW) 1
SHA1: Trade bytes for speed (0:fast, 3:slow) (SHA1_SMALL) [3] (NEW) 3
SHA1: Use hardware accelerated instructions if possible (SHA1_HWACCEL) [Y/n/?] (NEW) y
SHA256: Use hardware accelerated instructions if possible (SHA256_HWACCEL) [Y/n/?] (NEW) y
SHA3: Trade bytes for speed (0:fast, 1:slow) (SHA3_SMALL) [1] (NEW) 1
Non-POSIX, but safer, copying to special nodes (FEATURE_NON_POSIX_CP) [Y/n/?] (NEW) y
Give more precise messages when copy fails (cp, mv etc) (FEATURE_VERBOSE_CP_MESSAGE) [N/y/?] (NEW) n
Use sendfile system call (FEATURE_USE_SENDFILE) [Y/n/?] (NEW) y
Copy buffer size, in kilobytes (FEATURE_COPYBUF_KB) [4] (NEW) 4
Use clock_gettime(CLOCK_MONOTONIC) syscall (MONOTONIC_SYSCALL) [Y/n/?] (NEW) y
Use ioctl names rather than hex values in error messages (IOCTL_HEX2STR_ERROR) [Y/n/?] (NEW) y
Command line editing (FEATURE_EDITING) [Y/n/?] (NEW) y
  Maximum length of input (FEATURE_EDITING_MAX_LEN) [1024] (NEW) 1024
  vi-style line editing commands (FEATURE_EDITING_VI) [N/y/?] (NEW) n
  History size (FEATURE_EDITING_HISTORY) [255] (NEW) 255
  History saving (FEATURE_EDITING_SAVEHISTORY) [Y/n/?] (NEW) y
    Save history on shell exit, not after every command (FEATURE_EDITING_SAVE_ON_EXIT) [N/y/?] (NEW) n
  Reverse history search (FEATURE_REVERSE_SEARCH) [Y/n/?] (NEW) y
  Tab completion (FEATURE_TAB_COMPLETION) [Y/n] (NEW) y
    Username completion (FEATURE_USERNAME_COMPLETION) [Y/n] (NEW) y
  Fancy shell prompts (FEATURE_EDITING_FANCY_PROMPT) [Y/n/?] (NEW) y
  Enable automatic tracking of window size changes (FEATURE_EDITING_WINCH) [Y/n] (NEW) y
  Query cursor position from terminal (FEATURE_EDITING_ASK_TERMINAL) [N/y/?] (NEW) n
Enable locale support (system needs locale for this to work) (LOCALE_SUPPORT) [N/y/?] (NEW) n
Support Unicode (UNICODE_SUPPORT) [Y/n/?] (NEW) y
  Check $LC_ALL, $LC_CTYPE and $LANG environment variables (FEATURE_CHECK_UNICODE_IN_ENV) [N/y/?] (NEW) n
  Character code to substitute unprintable characters with (SUBST_WCHAR) [63] (NEW) 63
  Range of supported Unicode characters (LAST_SUPPORTED_WCHAR) [767] (NEW) 767
  Allow zero-width Unicode characters on output (UNICODE_COMBINING_WCHARS) [N/y/?] (NEW) n
  Allow wide Unicode characters on output (UNICODE_WIDE_WCHARS) [N/y/?] (NEW) n
  Bidirectional character-aware line input (UNICODE_BIDI_SUPPORT) [N/y/?] (NEW) n
  Make it possible to enter sequences of chars which are not Unicode (UNICODE_PRESERVE_BROKEN) [N/y/?] (NEW) n
Use LOOP_CONFIGURE for losetup and loop mounts
  1. use LOOP_CONFIGURE, needs kernel >= 5.8 (LOOP_CONFIGURE) (NEW)
  2. use LOOP_SET_FD + LOOP_SET_STATUS (NO_LOOP_CONFIGURE) (NEW)
> 3. try LOOP_CONFIGURE, fall back to LOOP_SET_FD + LOOP_SET_STATUS (TRY_LOOP_CONFIGURE) (NEW)
choice[1-3?]: 3
*
* Applets
*
*
* Archival Utilities
*
Make tar, rpm, modprobe etc understand .xz data (FEATURE_SEAMLESS_XZ) [Y/n] (NEW) y
Make tar, rpm, modprobe etc understand .lzma data (FEATURE_SEAMLESS_LZMA) [Y/n] (NEW) y
Make tar, rpm, modprobe etc understand .bz2 data (FEATURE_SEAMLESS_BZ2) [Y/n] (NEW) y
Make tar, rpm, modprobe etc understand .gz data (FEATURE_SEAMLESS_GZ) [Y] (NEW) y
Make tar, rpm, modprobe etc understand .Z data (FEATURE_SEAMLESS_Z) [N/y] (NEW) n
ar (9.5 kb) (AR) [N/y/?] (NEW) n
uncompress (7.1 kb) (UNCOMPRESS) [N/y/?] (NEW) n
gunzip (11 kb) (GUNZIP) [Y/n/?] (NEW) y
zcat (24 kb) (ZCAT) [Y/n/?] (NEW) y
  Enable long options (FEATURE_GUNZIP_LONG_OPTIONS) [Y/n] (NEW) y
bunzip2 (8.7 kb) (BUNZIP2) [Y/n/?] (NEW) y
bzcat (8.7 kb) (BZCAT) [Y/n/?] (NEW) y
unlzma (7.5 kb) (UNLZMA) [Y/n/?] (NEW) y
lzcat (7.5 kb) (LZCAT) [Y/n/?] (NEW) y
lzma -d (LZMA) [Y/n/?] (NEW) y
unxz (13 kb) (UNXZ) [Y/n/?] (NEW) y
xzcat (13 kb) (XZCAT) [Y/n/?] (NEW) y
xz -d (XZ) [Y/n/?] (NEW) y
bzip2 (16 kb) (BZIP2) [Y/n/?] (NEW) y
  Trade bytes for speed (0:fast, 9:small) (BZIP2_SMALL) [8] (NEW) 8
  Enable decompression (FEATURE_BZIP2_DECOMPRESS) [Y/?] (NEW) y
cpio (15 kb) (CPIO) [Y/n/?] (NEW) y
  Support archive creation (FEATURE_CPIO_O) [Y/n/?] (NEW) y
    Support passthrough mode (FEATURE_CPIO_P) [Y/n/?] (NEW) y
    Support --ignore-devno like GNU cpio (FEATURE_CPIO_IGNORE_DEVNO) [Y/n/?] (NEW) y
    Support --renumber-inodes like GNU cpio (FEATURE_CPIO_RENUMBER_INODES) [Y/n/?] (NEW) y
dpkg (43 kb) (DPKG) [Y/n/?] (NEW) y
dpkg-deb (30 kb) (DPKG_DEB) [Y/n/?] (NEW) y
gzip (17 kb) (GZIP) [Y/n/?] (NEW) y
  Enable long options (FEATURE_GZIP_LONG_OPTIONS) [Y/n] (NEW) y
  Trade memory for speed (0:small,slow - 2:fast,big) (GZIP_FAST) [0] (NEW) 0
  Enable compression levels (FEATURE_GZIP_LEVELS) [N/y/?] (NEW) n
  Enable decompression (FEATURE_GZIP_DECOMPRESS) [Y/?] (NEW) y
lzop (12 kb) (LZOP) [Y/n/?] (NEW) y
unlzop (13 kb) (UNLZOP) [N/y/?] (NEW) n
lzopcat (13 kb) (LZOPCAT) [N/y/?] (NEW) n
  lzop compression levels 7,8,9 (not very useful) (LZOP_COMPR_HIGH) [N/y/?] (NEW) n
rpm (32 kb) (RPM) [Y/n/?] (NEW) y
rpm2cpio (21 kb) (RPM2CPIO) [Y/n/?] (NEW) y
tar (39 kb) (TAR) [Y/n/?] (NEW) y
  Enable long options (FEATURE_TAR_LONG_OPTIONS) [Y/n] (NEW) y
  Enable -c (archive creation) (FEATURE_TAR_CREATE) [Y/n] (NEW) y
  Autodetect compressed tarballs (FEATURE_TAR_AUTODETECT) [Y/n/?] (NEW) y
  Enable -X (exclude from) and -T (include from) options (FEATURE_TAR_FROM) [Y/n/?] (NEW) y
  Support old tar header format (FEATURE_TAR_OLDGNU_COMPATIBILITY) [Y/n/?] (NEW) y
  Enable untarring of tarballs with checksums produced by buggy Sun tar (FEATURE_TAR_OLDSUN_COMPATIBILITY) [Y/n/?] (NEW) y
  Support GNU tar extensions (long filenames) (FEATURE_TAR_GNU_EXTENSIONS) [Y/n] (NEW) y
  Support writing to an external program (--to-command) (FEATURE_TAR_TO_COMMAND) [Y/n/?] (NEW) y
  Enable use of user and group names (FEATURE_TAR_UNAME_GNAME) [Y/n/?] (NEW) y
  Enable -m (do not preserve time) GNU option (FEATURE_TAR_NOPRESERVE_TIME) [Y/n] (NEW) y
unzip (26 kb) (UNZIP) [Y/n/?] (NEW) y
  Read and use Central Directory data (FEATURE_UNZIP_CDF) [Y/n/?] (NEW) y
    Support compression method 12 (bzip2) (FEATURE_UNZIP_BZIP2) [Y/n] (NEW) y
    Support compression method 14 (lzma) (FEATURE_UNZIP_LZMA) [Y/n] (NEW) y
    Support compression method 95 (xz) (FEATURE_UNZIP_XZ) [Y/n] (NEW) y
Optimize lzma for speed (FEATURE_LZMA_FAST) [N/y/?] (NEW) n
*
* Coreutils
*
Support verbose options (usually -v) for various applets (FEATURE_VERBOSE) [Y/n/?] (NEW) y
*
* Common options for date and touch
*
Allow timezone in dates (FEATURE_TIMEZONE) [Y/n/?] (NEW) y
*
* Common options for cp and mv
*
Preserve hard links (FEATURE_PRESERVE_HARDLINKS) [Y/n/?] (NEW) y
*
* Common options for df, du, ls
*
Support human readable output (example 13k, 23M, 235G) (FEATURE_HUMAN_READABLE) [Y/n/?] (NEW) y
basename (438 bytes) (BASENAME) [Y/n/?] (NEW) y
cat (5.6 kb) (CAT) [Y/n/?] (NEW) y
  Enable -n and -b options (FEATURE_CATN) [Y/n/?] (NEW) y
  cat -v[etA] (FEATURE_CATV) [Y/n/?] (NEW) y
chgrp (7.6 kb) (CHGRP) [Y/n/?] (NEW) y
chmod (5.5 kb) (CHMOD) [Y/n/?] (NEW) y
chown (7.6 kb) (CHOWN) [Y/n/?] (NEW) y
  Enable long options (FEATURE_CHOWN_LONG_OPTIONS) [Y/n] (NEW) y
chroot (3.7 kb) (CHROOT) [Y/n/?] (NEW) y
cksum (4.1 kb) (CKSUM) [Y/n] (NEW) y
crc32 (4.1 kb) (CRC32) [Y/n] (NEW) y
comm (4.2 kb) (COMM) [Y/n/?] (NEW) y
cp (10 kb) (CP) [Y/n/?] (NEW) y
  Enable long options (FEATURE_CP_LONG_OPTIONS) [Y/n/?] (NEW) y
    Enable --reflink[=auto] (FEATURE_CP_REFLINK) [Y/n] (NEW) y
cut (5.8 kb) (CUT) [Y/n/?] (NEW) y
  cut -F (FEATURE_CUT_REGEX) [Y/n/?] (NEW) y
date (7 kb) (DATE) [Y/n/?] (NEW) y
  Enable ISO date format output (-I) (FEATURE_DATE_ISOFMT) [Y/n/?] (NEW) y
  Support %[num]N nanosecond format specifier (FEATURE_DATE_NANO) [N/y/?] (NEW) n
  Support weird 'date MMDDhhmm[[YY]YY][.ss]' format (FEATURE_DATE_COMPAT) [Y/n/?] (NEW) y
dd (7.5 kb) (DD) [Y/n/?] (NEW) y
  Enable signal handling for status reporting (FEATURE_DD_SIGNAL_HANDLING) [Y/n/?] (NEW) y
    Enable the third status line upon signal (FEATURE_DD_THIRD_STATUS_LINE) [Y/n/?] (NEW) y
  Enable ibs, obs, iflag, oflag and conv options (FEATURE_DD_IBS_OBS) [Y/n/?] (NEW) y
  Enable status display options (FEATURE_DD_STATUS) [Y/n/?] (NEW) y
df (6.8 kb) (DF) [Y/n/?] (NEW) y
  Enable -a, -i, -B (FEATURE_DF_FANCY) [Y/n/?] (NEW) y
  Skip rootfs in mount table (FEATURE_SKIP_ROOTFS) [Y/n/?] (NEW) y
dirname (329 bytes) (DIRNAME) [Y/n/?] (NEW) y
dos2unix (5.2 kb) (DOS2UNIX) [Y/n/?] (NEW) y
unix2dos (5.2 kb) (UNIX2DOS) [Y/n/?] (NEW) y
du (6.3 kb) (DU) [Y/n/?] (NEW) y
  Use default blocksize of 1024 bytes (else it's 512 bytes) (FEATURE_DU_DEFAULT_BLOCKSIZE_1K) [Y/n] (NEW) y
echo (1.8 kb) (ECHO) [Y/n/?] (NEW) y
  Enable -n and -e options (FEATURE_FANCY_ECHO) [Y/n] (NEW) y
env (4 kb) (ENV) [Y/n/?] (NEW) y
expand (5.1 kb) (EXPAND) [Y/n/?] (NEW) y
unexpand (5.3 kb) (UNEXPAND) [Y/n/?] (NEW) y
expr (6.6 kb) (EXPR) [Y/n/?] (NEW) y
  Extend Posix numbers support to 64 bit (EXPR_MATH_SUPPORT_64) [Y/n/?] (NEW) y
factor (2.7 kb) (FACTOR) [Y/n/?] (NEW) y
false (tiny) (FALSE) [Y/n/?] (NEW) y
fold (4.6 kb) (FOLD) [Y/n/?] (NEW) y
head (3.8 kb) (HEAD) [Y/n/?] (NEW) y
  Enable -c, -q, and -v (FEATURE_FANCY_HEAD) [Y/n] (NEW) y
hostid (286 bytes) (HOSTID) [Y/n/?] (NEW) y
id (7 kb) (ID) [Y/n/?] (NEW) y
groups (6.7 kb) (GROUPS) [Y/n/?] (NEW) y
install (12 kb) (INSTALL) [Y/n/?] (NEW) y
  Enable long options (FEATURE_INSTALL_LONG_OPTIONS) [Y/n] (NEW) y
link (3.2 kb) (LINK) [Y/n/?] (NEW) y
ln (4.9 kb) (LN) [Y/n/?] (NEW) y
logname (1.1 kb) (LOGNAME) [Y/n/?] (NEW) y
ls (14 kb) (LS) [Y/n/?] (NEW) y
  Enable filetyping options (-p and -F) (FEATURE_LS_FILETYPES) [Y/n] (NEW) y
  Enable symlinks dereferencing (-L) (FEATURE_LS_FOLLOWLINKS) [Y/n] (NEW) y
  Enable recursion (-R) (FEATURE_LS_RECURSIVE) [Y/n] (NEW) y
  Enable -w WIDTH and window size autodetection (FEATURE_LS_WIDTH) [Y/n] (NEW) y
  Sort the file names (FEATURE_LS_SORTFILES) [Y/n/?] (NEW) y
  Show file timestamps (FEATURE_LS_TIMESTAMPS) [Y/n/?] (NEW) y
  Show username/groupnames (FEATURE_LS_USERNAME) [Y/n/?] (NEW) y
  Allow use of color to identify file types (FEATURE_LS_COLOR) [Y/n/?] (NEW) y
    Produce colored ls output by default (FEATURE_LS_COLOR_IS_DEFAULT) [Y/n/?] (NEW) y
md5sum (6.5 kb) (MD5SUM) [Y/n/?] (NEW) y
sha1sum (5.9 kb) (SHA1SUM) [Y/n/?] (NEW) y
sha256sum (7 kb) (SHA256SUM) [Y/n/?] (NEW) y
sha512sum (7.4 kb) (SHA512SUM) [Y/n/?] (NEW) y
sha3sum (6.1 kb) (SHA3SUM) [Y/n/?] (NEW) y
  *
  * Common options for md5sum, sha1sum, sha256sum, sha512sum, sha3sum
  *
  Enable -c, -s and -w options (FEATURE_MD5_SHA1_SUM_CHECK) [Y/n/?] (NEW) y
mkdir (4.5 kb) (MKDIR) [Y/n/?] (NEW) y
mkfifo (3.8 kb) (MKFIFO) [Y/n/?] (NEW) y
mknod (4.5 kb) (MKNOD) [Y/n/?] (NEW) y
mktemp (4.2 kb) (MKTEMP) [Y/n/?] (NEW) y
mv (10 kb) (MV) [Y/n/?] (NEW) y
nice (2.1 kb) (NICE) [Y/n/?] (NEW) y
nl (4.6 kb) (NL) [Y/n/?] (NEW) y
nohup (2 kb) (NOHUP) [Y/n/?] (NEW) y
nproc (3.7 kb) (NPROC) [Y/n/?] (NEW) y
od (11 kb) (OD) [Y/n/?] (NEW) y
paste (4.9 kb) (PASTE) [Y/n/?] (NEW) y
printenv (1.3 kb) (PRINTENV) [Y/n/?] (NEW) y
printf (3.8 kb) (PRINTF) [Y/n/?] (NEW) y
pwd (3.7 kb) (PWD) [Y/n/?] (NEW) y
readlink (4 kb) (READLINK) [Y/n/?] (NEW) y
  Enable canonicalization by following all symlinks (-f) (FEATURE_READLINK_FOLLOW) [Y/n/?] (NEW) y
realpath (1.6 kb) (REALPATH) [Y/n/?] (NEW) y
rm (5.4 kb) (RM) [Y/n/?] (NEW) y
rmdir (3.5 kb) (RMDIR) [Y/n/?] (NEW) y
seq (3.8 kb) (SEQ) [Y/n/?] (NEW) y
shred (4.9 kb) (SHRED) [Y/n/?] (NEW) y
shuf (5.4 kb) (SHUF) [Y/n/?] (NEW) y
sleep (2 kb) (SLEEP) [Y/n/?] (NEW) y
  Enable multiple arguments and s/m/h/d suffixes (FEATURE_FANCY_SLEEP) [Y/n/?] (NEW) y
sort (7.7 kb) (SORT) [Y/n/?] (NEW) y
  Full SuSv3 compliant sort (support -ktcbdfioghM) (FEATURE_SORT_BIG) [Y/n/?] (NEW) y
  Use less memory (but might be slower) (FEATURE_SORT_OPTIMIZE_MEMORY) [N/y/?] (NEW) n
split (5 kb) (SPLIT) [Y/n/?] (NEW) y
  Fancy extensions (FEATURE_SPLIT_FANCY) [Y/n/?] (NEW) y
stat (11 kb) (STAT) [Y/n/?] (NEW) y
  Enable custom formats (-c) (FEATURE_STAT_FORMAT) [Y/n/?] (NEW) y
  Enable display of filesystem status (-f) (FEATURE_STAT_FILESYSTEM) [Y/n/?] (NEW) y
stty (8.9 kb) (STTY) [Y/n/?] (NEW) y
sum (4 kb) (SUM) [Y/n/?] (NEW) y
sync (3.8 kb) (SYNC) [Y/n/?] (NEW) y
  Enable -d and -f flags (requires syncfs(2) in libc) (FEATURE_SYNC_FANCY) [Y/n/?] (NEW) y
fsync (3.6 kb) (FSYNC) [Y/n/?] (NEW) y
tac (3.9 kb) (TAC) [Y/n/?] (NEW) y
tail (6.8 kb) (TAIL) [Y/n/?] (NEW) y
  Enable -q, -s, -v, and -F options (FEATURE_FANCY_TAIL) [Y/n/?] (NEW) y
tee (4.2 kb) (TEE) [Y/n/?] (NEW) y
  Enable block I/O (larger/faster) instead of byte I/O (FEATURE_TEE_USE_BLOCK_IO) [Y/n/?] (NEW) y
test (4.1 kb) (TEST) [Y/n/?] (NEW) y
test as [ (TEST1) [Y/n/?] (NEW) y
test as [[ (TEST2) [Y/n/?] (NEW) y
  Extend test to 64 bit (FEATURE_TEST_64) [Y/n/?] (NEW) y
timeout (6 kb) (TIMEOUT) [Y/n/?] (NEW) y
touch (5.9 kb) (TOUCH) [Y/n/?] (NEW) y
  Add support for SUSV3 features (-a -d -m -t -r) (FEATURE_TOUCH_SUSV3) [Y/n/?] (NEW) y
tr (5.1 kb) (TR) [Y/n/?] (NEW) y
  Enable character classes (such as [:upper:]) (FEATURE_TR_CLASSES) [Y/n/?] (NEW) y
  Enable equivalence classes (FEATURE_TR_EQUIV) [Y/n/?] (NEW) y
true (tiny) (TRUE) [Y/n/?] (NEW) y
truncate (4.2 kb) (TRUNCATE) [Y/n/?] (NEW) y
tsort (0.7 kb) (TSORT) [Y/n/?] (NEW) y
tty (3.6 kb) (TTY) [Y/n/?] (NEW) y
uname (3.9 kb) (UNAME) [Y/n/?] (NEW) y
  Operating system name (UNAME_OSNAME) [GNU/Linux] (NEW) GNU/Linux
arch (1.1 kb) (BB_ARCH) [Y/n/?] (NEW) y
uniq (4.9 kb) (UNIQ) [Y/n/?] (NEW) y
unlink (3.2 kb) (UNLINK) [Y/n/?] (NEW) y
usleep (1.3 kb) (USLEEP) [Y/n/?] (NEW) y
uudecode (5.8 kb) (UUDECODE) [Y/n/?] (NEW) y
base32 (4.9 kb) (BASE32) [Y/n/?] (NEW) y
base64 (4.9 kb) (BASE64) [Y/n/?] (NEW) y
uuencode (4.4 kb) (UUENCODE) [Y/n/?] (NEW) y
wc (4.5 kb) (WC) [Y/n/?] (NEW) y
  Support very large counts (FEATURE_WC_LARGE) [Y/n/?] (NEW) y
who (3.9 kb) (WHO) [Y/n/?] (NEW) y
w (3.8 kb) (W) [Y/n/?] (NEW) y
users (3.4 kb) (USERS) [Y/n/?] (NEW) y
whoami (3.2 kb) (WHOAMI) [Y/n/?] (NEW) y
yes (1.2 kb) (YES) [Y/n/?] (NEW) y
*
* Console Utilities
*
chvt (2 kb) (CHVT) [Y/n/?] (NEW) y
clear (tiny) (CLEAR) [Y/n/?] (NEW) y
deallocvt (1.9 kb) (DEALLOCVT) [Y/n/?] (NEW) y
dumpkmap (1.6 kb) (DUMPKMAP) [Y/n/?] (NEW) y
fgconsole (1.5 kb) (FGCONSOLE) [Y/n/?] (NEW) y
kbd_mode (4.1 kb) (KBD_MODE) [Y/n/?] (NEW) y
loadfont (5.2 kb) (LOADFONT) [Y/n/?] (NEW) y
setfont (24 kb) (SETFONT) [Y/n/?] (NEW) y
  Support reading textual screen maps (FEATURE_SETFONT_TEXTUAL_MAP) [Y/n/?] (NEW) y
  Default directory for console-tools files (DEFAULT_SETFONT_DIR) [] (NEW) 
  *
  * Common options for loadfont and setfont
  *
  Support PSF2 console fonts (FEATURE_LOADFONT_PSF2) [Y/n] (NEW) y
  Support old (raw) console fonts (FEATURE_LOADFONT_RAW) [Y/n] (NEW) y
loadkmap (1.8 kb) (LOADKMAP) [Y/n/?] (NEW) y
openvt (7.2 kb) (OPENVT) [Y/n/?] (NEW) y
reset (345 bytes) (RESET) [Y/n/?] (NEW) y
resize (903 bytes) (RESIZE) [Y/n/?] (NEW) y
  Print environment variables (FEATURE_RESIZE_PRINT) [Y/n/?] (NEW) y
setconsole (3.6 kb) (SETCONSOLE) [Y/n/?] (NEW) y
  Enable long options (FEATURE_SETCONSOLE_LONG_OPTIONS) [Y/n] (NEW) y
setkeycodes (2.1 kb) (SETKEYCODES) [Y/n/?] (NEW) y
setlogcons (1.8 kb) (SETLOGCONS) [Y/n/?] (NEW) y
showkey (4.7 kb) (SHOWKEY) [Y/n/?] (NEW) y
*
* Debian Utilities
*
pipe_progress (275 bytes) (PIPE_PROGRESS) [Y/n/?] (NEW) y
run-parts (6.1 kb) (RUN_PARTS) [Y/n/?] (NEW) y
  Enable long options (FEATURE_RUN_PARTS_LONG_OPTIONS) [Y/n] (NEW) y
  Support additional arguments (FEATURE_RUN_PARTS_FANCY) [Y/n/?] (NEW) y
start-stop-daemon (12 kb) (START_STOP_DAEMON) [Y/n/?] (NEW) y
  Enable long options (FEATURE_START_STOP_DAEMON_LONG_OPTIONS) [Y/n] (NEW) y
  Support additional arguments (FEATURE_START_STOP_DAEMON_FANCY) [Y/n/?] (NEW) y
which (3.8 kb) (WHICH) [Y/n/?] (NEW) y
*
* klibc-utils
*
minips (11 kb) (MINIPS) [N/y/?] (NEW) n
nuke (2.9 kb) (NUKE) [N/y/?] (NEW) n
resume (3.2 kb) (RESUME) [Y/n/?] (NEW) y
run-init (7.7 kb) (RUN_INIT) [Y/n/?] (NEW) y
*
* Editors
*
awk (23 kb) (AWK) [Y/n/?] (NEW) y
  Enable math functions (requires libm) (FEATURE_AWK_LIBM) [Y/n/?] (NEW) y
  Enable a few GNU extensions (FEATURE_AWK_GNU_EXTENSIONS) [Y/n/?] (NEW) y
cmp (4.9 kb) (CMP) [Y/n/?] (NEW) y
diff (13 kb) (DIFF) [Y/n/?] (NEW) y
  Enable long options (FEATURE_DIFF_LONG_OPTIONS) [Y/n] (NEW) y
  Enable directory support (FEATURE_DIFF_DIR) [Y/n/?] (NEW) y
ed (21 kb) (ED) [Y/n/?] (NEW) y
patch (9.4 kb) (PATCH) [Y/n/?] (NEW) y
sed (12 kb) (SED) [Y/n/?] (NEW) y
vi (23 kb) (VI) [Y/n/?] (NEW) y
  Maximum screen width (FEATURE_VI_MAX_LEN) [4096] (NEW) 4096
  Allow to display 8-bit chars (otherwise shows dots) (FEATURE_VI_8BIT) [N/y/?] (NEW) n
  Enable ":" colon commands (no "ex" mode) (FEATURE_VI_COLON) [Y/n/?] (NEW) y
    Expand "%" and "#" in colon commands (FEATURE_VI_COLON_EXPAND) [Y/n/?] (NEW) y
  Enable yank/put commands and mark cmds (FEATURE_VI_YANKMARK) [Y/n/?] (NEW) y
  Enable search and replace cmds (FEATURE_VI_SEARCH) [Y/n/?] (NEW) y
    Enable regex in search and replace (FEATURE_VI_REGEX_SEARCH) [N/y/?] (NEW) n
  Catch signals (FEATURE_VI_USE_SIGNALS) [Y/n/?] (NEW) y
  Remember previous cmd and "." cmd (FEATURE_VI_DOT_CMD) [Y/n/?] (NEW) y
  Enable -R option and "view" mode (FEATURE_VI_READONLY) [Y/n/?] (NEW) y
  Enable settable options, ai ic showmatch (FEATURE_VI_SETOPTS) [Y/n/?] (NEW) y
  Support :set (FEATURE_VI_SET) [Y/n] (NEW) y
  Handle window resize (FEATURE_VI_WIN_RESIZE) [Y/n/?] (NEW) y
  Use 'tell me cursor position' ESC sequence to measure window (FEATURE_VI_ASK_TERMINAL) [Y/n/?] (NEW) y
  Support undo command "u" (FEATURE_VI_UNDO) [Y/n/?] (NEW) y
    Enable undo operation queuing (FEATURE_VI_UNDO_QUEUE) [Y/n/?] (NEW) y
      Maximum undo character queue size (FEATURE_VI_UNDO_QUEUE_MAX) [256] (NEW) 256
  Enable verbose status reporting (FEATURE_VI_VERBOSE_STATUS) [Y/n/?] (NEW) y
  Allow vi and awk to execute shell commands (FEATURE_ALLOW_EXEC) [Y/n/?] (NEW) y
*
* Finding Utilities
*
find (14 kb) (FIND) [Y/n/?] (NEW) y
  Enable -print0: NUL-terminated output (FEATURE_FIND_PRINT0) [Y/n/?] (NEW) y
  Enable -mtime: modification time matching (FEATURE_FIND_MTIME) [Y/n/?] (NEW) y
    Enable -atime: access time matching (FEATURE_FIND_ATIME) [Y/n/?] (NEW) y
    Enable -ctime: status change timestamp matching (FEATURE_FIND_CTIME) [Y/n/?] (NEW) y
  Enable -mmin: modification time matching by minutes (FEATURE_FIND_MMIN) [Y/n/?] (NEW) y
    Enable -amin: access time matching by minutes (FEATURE_FIND_AMIN) [Y/n/?] (NEW) y
    Enable -cmin: status change timestamp matching by minutes (FEATURE_FIND_CMIN) [Y/n/?] (NEW) y
  Enable -perm: permissions matching (FEATURE_FIND_PERM) [Y/n] (NEW) y
  Enable -type: file type matching (file/dir/link/...) (FEATURE_FIND_TYPE) [Y/n/?] (NEW) y
  Enable -executable: file is executable (FEATURE_FIND_EXECUTABLE) [Y/n] (NEW) y
  Enable -xdev: 'stay in filesystem' (FEATURE_FIND_XDEV) [Y/n] (NEW) y
  Enable -mindepth N and -maxdepth N (FEATURE_FIND_MAXDEPTH) [Y/n] (NEW) y
  Enable -newer: compare file modification times (FEATURE_FIND_NEWER) [Y/n/?] (NEW) y
  Enable -inum: inode number matching (FEATURE_FIND_INUM) [Y/n] (NEW) y
  Enable -samefile: reference file matching (FEATURE_FIND_SAMEFILE) [Y/n/?] (NEW) y
  Enable -exec: execute commands (FEATURE_FIND_EXEC) [Y/n/?] (NEW) y
    Enable -exec ... {} + (FEATURE_FIND_EXEC_PLUS) [Y/n/?] (NEW) y
  Enable -user: username/uid matching (FEATURE_FIND_USER) [Y/n] (NEW) y
  Enable -group: group/gid matching (FEATURE_FIND_GROUP) [Y/n] (NEW) y
  Enable the 'not' (!) operator (FEATURE_FIND_NOT) [Y/n/?] (NEW) y
  Enable -depth (FEATURE_FIND_DEPTH) [Y/n/?] (NEW) y
  Enable parens in options (FEATURE_FIND_PAREN) [Y/n/?] (NEW) y
  Enable -size: file size matching (FEATURE_FIND_SIZE) [Y/n] (NEW) y
  Enable -prune: exclude subdirectories (FEATURE_FIND_PRUNE) [Y/n/?] (NEW) y
  Enable -quit: exit (FEATURE_FIND_QUIT) [Y/n/?] (NEW) y
  Enable -delete: delete files/dirs (FEATURE_FIND_DELETE) [Y/n/?] (NEW) y
  Enable -empty: match empty files or directories (FEATURE_FIND_EMPTY) [Y/n/?] (NEW) y
  Enable -path: match pathname with shell pattern (FEATURE_FIND_PATH) [Y/n/?] (NEW) y
  Enable -regex: match pathname with regex (FEATURE_FIND_REGEX) [Y/n/?] (NEW) y
  Enable -links: link count matching (FEATURE_FIND_LINKS) [Y/n/?] (NEW) y
grep (8.6 kb) (GREP) [Y/n/?] (NEW) y
egrep (7.8 kb) (EGREP) [Y/n/?] (NEW) y
fgrep (7.8 kb) (FGREP) [Y/n/?] (NEW) y
  Enable before and after context flags (-A, -B and -C) (FEATURE_GREP_CONTEXT) [Y/n/?] (NEW) y
xargs (7.2 kb) (XARGS) [Y/n/?] (NEW) y
  Enable -p: prompt and confirmation (FEATURE_XARGS_SUPPORT_CONFIRMATION) [Y/n/?] (NEW) y
  Enable single and double quotes and backslash (FEATURE_XARGS_SUPPORT_QUOTES) [Y/n/?] (NEW) y
  Enable -x: exit if -s or -n is exceeded (FEATURE_XARGS_SUPPORT_TERMOPT) [Y/n/?] (NEW) y
  Enable -0: NUL-terminated input (FEATURE_XARGS_SUPPORT_ZERO_TERM) [Y/n/?] (NEW) y
  Enable -I STR: string to replace (FEATURE_XARGS_SUPPORT_REPL_STR) [Y/n/?] (NEW) y
  Enable -P N: processes to run in parallel (FEATURE_XARGS_SUPPORT_PARALLEL) [Y/n] (NEW) y
  Enable -a FILE: use FILE instead of stdin (FEATURE_XARGS_SUPPORT_ARGS_FILE) [Y/n] (NEW) y
*
* Init Utilities
*
bootchartd (10 kb) (BOOTCHARTD) [Y/n/?] (NEW) y
  Compatible, bloated header (FEATURE_BOOTCHARTD_BLOATED_HEADER) [Y/n/?] (NEW) y
  Support bootchartd.conf (FEATURE_BOOTCHARTD_CONFIG_FILE) [Y/n/?] (NEW) y
halt (4 kb) (HALT) [Y/n/?] (NEW) y
poweroff (4 kb) (POWEROFF) [Y/n/?] (NEW) y
reboot (4 kb) (REBOOT) [Y/n/?] (NEW) y
  Before signaling init, make sure it is ready for it (FEATURE_WAIT_FOR_INIT) [Y/n/?] (NEW) y
init (10 kb) (INIT) [Y/n/?] (NEW) y
linuxrc: support running init from initrd (not initramfs) (LINUXRC) [Y/n/?] (NEW) y
  Support reading an inittab file (FEATURE_USE_INITTAB) [Y/n/?] (NEW) y
    Support killing processes that have been removed from inittab (FEATURE_KILL_REMOVED) [N/y/?] (NEW) n
  Run commands with leading dash with controlling tty (FEATURE_INIT_SCTTY) [Y/n/?] (NEW) y
  Enable init to write to syslog (FEATURE_INIT_SYSLOG) [Y/n/?] (NEW) y
  Be quiet on boot (no 'init started:' message) (FEATURE_INIT_QUIET) [Y/n] (NEW) y
  Support dumping core for child processes (debugging only) (FEATURE_INIT_COREDUMPS) [N/y/?] (NEW) n
  Initial terminal type (INIT_TERMINAL_TYPE) [linux] (NEW) linux
  Clear init's command line (FEATURE_INIT_MODIFY_CMDLINE) [Y/n/?] (NEW) y
*
* Login/Password Management Utilities
*
Support shadow passwords (FEATURE_SHADOWPASSWDS) [Y/n/?] (NEW) y
Use internal password and group functions rather than system functions (USE_BB_PWD_GRP) [Y/n/?] (NEW) y
  Use internal shadow password functions (USE_BB_SHADOW) [Y/n/?] (NEW) y
Use internal crypt functions (USE_BB_CRYPT) [Y/n/?] (NEW) y
  Enable SHA256/512 crypt functions (USE_BB_CRYPT_SHA) [Y/n/?] (NEW) y
add-shell (3.1 kb) (ADD_SHELL) [Y/n/?] (NEW) y
remove-shell (3 kb) (REMOVE_SHELL) [Y/n/?] (NEW) y
addgroup (8.6 kb) (ADDGROUP) [Y/n/?] (NEW) y
  Support adding users to groups (FEATURE_ADDUSER_TO_GROUP) [Y/n/?] (NEW) y
adduser (15 kb) (ADDUSER) [Y/n/?] (NEW) y
  Enable sanity check on user/group names in adduser and addgroup (FEATURE_CHECK_NAMES) [N/y/?] (NEW) n
  Last valid uid or gid for adduser and addgroup (LAST_ID) [60000] (NEW) 60000
  First valid system uid or gid for adduser and addgroup (FIRST_SYSTEM_ID) [100] (NEW) 100
  Last valid system uid or gid for adduser and addgroup (LAST_SYSTEM_ID) [999] (NEW) 999
chpasswd (18 kb) (CHPASSWD) [Y/n/?] (NEW) y
  Default encryption method (passwd -a, cryptpw -m, chpasswd -c ALG) (FEATURE_DEFAULT_PASSWD_ALGO) [des] (NEW) des
cryptpw (14 kb) (CRYPTPW) [Y/n/?] (NEW) y
mkpasswd (15 kb) (MKPASSWD) [Y/n/?] (NEW) y
deluser (9.1 kb) (DELUSER) [Y/n/?] (NEW) y
delgroup (6.4 kb) (DELGROUP) [Y/n/?] (NEW) y
  Support removing users from groups (FEATURE_DEL_USER_FROM_GROUP) [Y/n/?] (NEW) y
getty (10 kb) (GETTY) [Y/n/?] (NEW) y
login (24 kb) (LOGIN) [Y/n/?] (NEW) y
  Run logged in session in a child process (LOGIN_SESSION_AS_CHILD) [N/y/?] (NEW) n
  Support login scripts (LOGIN_SCRIPTS) [Y/n/?] (NEW) y
  Support /etc/nologin (FEATURE_NOLOGIN) [Y/n/?] (NEW) y
  Support /etc/securetty (FEATURE_SECURETTY) [Y/n/?] (NEW) y
passwd (21 kb) (PASSWD) [Y/n/?] (NEW) y
  Check new passwords for weakness (FEATURE_PASSWD_WEAK_CHECK) [Y/n/?] (NEW) y
su (19 kb) (SU) [Y/n/?] (NEW) y
  Log to syslog all attempts to use su (FEATURE_SU_SYSLOG) [Y/n] (NEW) y
  If user's shell is not in /etc/shells, disallow -s PROG (FEATURE_SU_CHECKS_SHELLS) [Y/n] (NEW) y
  Allow blank passwords only on TTYs in /etc/securetty (FEATURE_SU_BLANK_PW_NEEDS_SECURE_TTY) [N/y] (NEW) n
sulogin (17 kb) (SULOGIN) [Y/n/?] (NEW) y
vlock (17 kb) (VLOCK) [Y/n/?] (NEW) y
*
* Linux Ext2 FS Progs
*
chattr (3.8 kb) (CHATTR) [Y/n/?] (NEW) y
fsck (7.4 kb) (FSCK) [Y/n/?] (NEW) y
lsattr (5.5 kb) (LSATTR) [Y/n/?] (NEW) y
tune2fs (4.4 kb) (TUNE2FS) [N/y/?] (NEW) n
*
* Linux Module Utilities
*
Simplified modutils (MODPROBE_SMALL) [Y/n/?] (NEW) y
depmod (27 kb) (DEPMOD) [Y/n/?] (NEW) y
insmod (22 kb) (INSMOD) [Y/n/?] (NEW) y
lsmod (1.9 kb) (LSMOD) [Y/n/?] (NEW) y
modinfo (24 kb) (MODINFO) [Y/n/?] (NEW) y
modprobe (28 kb) (MODPROBE) [Y/n/?] (NEW) y
rmmod (3.3 kb) (RMMOD) [Y/n/?] (NEW) y
*
* Options common to multiple modutils
*
Accept module options on modprobe command line (FEATURE_CMDLINE_MODULE_OPTIONS) [Y/n/?] (NEW) y
Skip loading of already loaded modules (FEATURE_MODPROBE_SMALL_CHECK_ALREADY_LOADED) [Y/n/?] (NEW) y
Default directory containing modules (DEFAULT_MODULES_DIR) [/lib/modules] (NEW) /lib/modules
Default name of modules.dep (DEFAULT_DEPMOD_FILE) [modules.dep] (NEW) modules.dep
*
* Linux System Utilities
*
acpid (9 kb) (ACPID) [Y/n/?] (NEW) y
  Accept and ignore redundant options (FEATURE_ACPID_COMPAT) [Y/n/?] (NEW) y
blkdiscard (4.3 kb) (BLKDISCARD) [Y/n/?] (NEW) y
blkid (12 kb) (BLKID) [Y/n/?] (NEW) y
  Print filesystem type (FEATURE_BLKID_TYPE) [Y/n/?] (NEW) y
blockdev (2.3 kb) (BLOCKDEV) [Y/n/?] (NEW) y
cal (5.8 kb) (CAL) [Y/n/?] (NEW) y
chrt (4.7 kb) (CHRT) [Y/n/?] (NEW) y
dmesg (3.7 kb) (DMESG) [Y/n/?] (NEW) y
  Pretty output (FEATURE_DMESG_PRETTY) [Y/n/?] (NEW) y
eject (4 kb) (EJECT) [Y/n/?] (NEW) y
  SCSI support (FEATURE_EJECT_SCSI) [Y/n/?] (NEW) y
fallocate (4.1 kb) (FALLOCATE) [Y/n/?] (NEW) y
fatattr (1.9 kb) (FATATTR) [Y/n/?] (NEW) y
fbset (5.9 kb) (FBSET) [Y/n/?] (NEW) y
  Enable extra options (FEATURE_FBSET_FANCY) [Y/n/?] (NEW) y
  Enable readmode support (FEATURE_FBSET_READMODE) [Y/n/?] (NEW) y
fdformat (4.4 kb) (FDFORMAT) [Y/n/?] (NEW) y
fdisk (37 kb) (FDISK) [Y/n/?] (NEW) y
  Write support (FEATURE_FDISK_WRITABLE) [Y/n/?] (NEW) y
    Support AIX disklabels (FEATURE_AIX_LABEL) [N/y/?] (NEW) n
    Support SGI disklabels (FEATURE_SGI_LABEL) [N/y/?] (NEW) n
    Support SUN disklabels (FEATURE_SUN_LABEL) [N/y/?] (NEW) n
    Support BSD disklabels (FEATURE_OSF_LABEL) [N/y/?] (NEW) n
    Support GPT disklabels (FEATURE_GPT_LABEL) [N/y/?] (NEW) n
    Support expert mode (FEATURE_FDISK_ADVANCED) [Y/n/?] (NEW) y
findfs (12 kb) (FINDFS) [Y/n/?] (NEW) y
flock (6.3 kb) (FLOCK) [Y/n/?] (NEW) y
fdflush (1.3 kb) (FDFLUSH) [Y/n/?] (NEW) y
freeramdisk (1.3 kb) (FREERAMDISK) [Y/n/?] (NEW) y
fsck.minix (13 kb) (FSCK_MINIX) [Y/n/?] (NEW) y
fsfreeze (3.5 kb) (FSFREEZE) [Y/n/?] (NEW) y
fstrim (4.4 kb) (FSTRIM) [Y/n/?] (NEW) y
getopt (5.8 kb) (GETOPT) [Y/n/?] (NEW) y
  Support -l LONGOPTs (FEATURE_GETOPT_LONG) [Y/n/?] (NEW) y
hexdump (8.6 kb) (HEXDUMP) [Y/n/?] (NEW) y
hd (7.8 kb) (HD) [Y/n/?] (NEW) y
xxd (8.9 kb) (XXD) [Y/n/?] (NEW) y
hwclock (5.8 kb) (HWCLOCK) [Y/n/?] (NEW) y
  Use FHS /var/lib/hwclock/adjtime (FEATURE_HWCLOCK_ADJTIME_FHS) [N/y/?] (NEW) n
ionice (3.8 kb) (IONICE) [Y/n/?] (NEW) y
ipcrm (3.2 kb) (IPCRM) [Y/n/?] (NEW) y
ipcs (11 kb) (IPCS) [Y/n/?] (NEW) y
last (6.1 kb) (LAST) [Y/n/?] (NEW) y
  Output extra information (FEATURE_LAST_FANCY) [Y/n/?] (NEW) y
losetup (5.5 kb) (LOSETUP) [Y/n/?] (NEW) y
lspci (6.3 kb) (LSPCI) [Y/n/?] (NEW) y
lsusb (4.2 kb) (LSUSB) [Y/n/?] (NEW) y
mdev (17 kb) (MDEV) [Y/n/?] (NEW) y
  Support /etc/mdev.conf (FEATURE_MDEV_CONF) [Y/n/?] (NEW) y
    Support subdirs/symlinks (FEATURE_MDEV_RENAME) [Y/n/?] (NEW) y
      Support regular expressions substitutions when renaming device (FEATURE_MDEV_RENAME_REGEXP) [Y/n/?] (NEW) y
    Support command execution at device addition/removal (FEATURE_MDEV_EXEC) [Y/n/?] (NEW) y
  Support loading of firmware (FEATURE_MDEV_LOAD_FIRMWARE) [Y/n/?] (NEW) y
  Support daemon mode (FEATURE_MDEV_DAEMON) [Y/n/?] (NEW) y
mesg (1.4 kb) (MESG) [Y/n/?] (NEW) y
  Enable writing to tty only by group, not by everybody (FEATURE_MESG_ENABLE_ONLY_GROUP) [Y/n/?] (NEW) y
mke2fs (10 kb) (MKE2FS) [Y/n/?] (NEW) y
mkfs.ext2 (10 kb) (MKFS_EXT2) [Y/n/?] (NEW) y
mkfs.minix (10 kb) (MKFS_MINIX) [Y/n/?] (NEW) y
  Support Minix fs v2 (fsck_minix/mkfs_minix) (FEATURE_MINIX2) [Y/n/?] (NEW) y
mkfs_reiser (MKFS_REISER) [N/y/?] (NEW) n
mkdosfs (7.2 kb) (MKDOSFS) [Y/n/?] (NEW) y
mkfs.vfat (7.2 kb) (MKFS_VFAT) [Y/n/?] (NEW) y
mkswap (6.3 kb) (MKSWAP) [Y/n/?] (NEW) y
  UUID support (FEATURE_MKSWAP_UUID) [Y/n/?] (NEW) y
more (7 kb) (MORE) [Y/n/?] (NEW) y
mount (23 kb) (MOUNT) [Y/n/?] (NEW) y
  Support -f (fake mount) (FEATURE_MOUNT_FAKE) [Y/n/?] (NEW) y
  Support -v (verbose) (FEATURE_MOUNT_VERBOSE) [Y/n/?] (NEW) y
  Support mount helpers (FEATURE_MOUNT_HELPERS) [N/y/?] (NEW) n
  Support specifying devices by label or UUID (FEATURE_MOUNT_LABEL) [Y/n/?] (NEW) y
  Support mounting NFS file systems on Linux < 2.6.23 (FEATURE_MOUNT_NFS) [N/y/?] (NEW) n
  Support mounting CIFS/SMB file systems (FEATURE_MOUNT_CIFS) [Y/n/?] (NEW) y
  Support lots of -o flags (FEATURE_MOUNT_FLAGS) [Y/n/?] (NEW) y
  Support /etc/fstab and -a (mount all) (FEATURE_MOUNT_FSTAB) [Y/n/?] (NEW) y
    Support -T <alt_fstab> (FEATURE_MOUNT_OTHERTAB) [Y/n/?] (NEW) y
mountpoint (4.9 kb) (MOUNTPOINT) [Y/n/?] (NEW) y
nologin (NOLOGIN) [Y/n/?] (NEW) y
  Enable dependencies for nologin (NOLOGIN_DEPENDENCIES) [N/y/?] (NEW) n
nsenter (6.5 kb) (NSENTER) [Y/n/?] (NEW) y
pivot_root (1.1 kb) (PIVOT_ROOT) [Y/n/?] (NEW) y
rdate (5.6 kb) (RDATE) [Y/n/?] (NEW) y
rdev (1.8 kb) (RDEV) [Y/n/?] (NEW) y
readprofile (7.1 kb) (READPROFILE) [Y/n/?] (NEW) y
renice (4.2 kb) (RENICE) [Y/n/?] (NEW) y
rev (4.4 kb) (REV) [Y/n/?] (NEW) y
rtcwake (6.8 kb) (RTCWAKE) [Y/n/?] (NEW) y
script (8.6 kb) (SCRIPT) [Y/n/?] (NEW) y
scriptreplay (2.4 kb) (SCRIPTREPLAY) [Y/n/?] (NEW) y
setarch (3.6 kb) (SETARCH) [Y/n/?] (NEW) y
linux32 (3.3 kb) (LINUX32) [Y/n/?] (NEW) y
linux64 (3.3 kb) (LINUX64) [Y/n/?] (NEW) y
setpriv (6.6 kb) (SETPRIV) [Y/n/?] (NEW) y
  Support dumping current privilege state (FEATURE_SETPRIV_DUMP) [Y/n/?] (NEW) y
  Support capabilities (FEATURE_SETPRIV_CAPABILITIES) [Y/n/?] (NEW) y
    Support capability names (FEATURE_SETPRIV_CAPABILITY_NAMES) [Y/n/?] (NEW) y
setsid (3.6 kb) (SETSID) [Y/n/?] (NEW) y
swapon (15 kb) (SWAPON) [Y/n/?] (NEW) y
  Support discard option -d (FEATURE_SWAPON_DISCARD) [Y/n/?] (NEW) y
  Support priority option -p (FEATURE_SWAPON_PRI) [Y/n/?] (NEW) y
swapoff (14 kb) (SWAPOFF) [Y/n] (NEW) y
  Support specifying devices by label or UUID (FEATURE_SWAPONOFF_LABEL) [Y/n/?] (NEW) y
switch_root (5.5 kb) (SWITCH_ROOT) [Y/n/?] (NEW) y
taskset (4.2 kb) (TASKSET) [Y/n/?] (NEW) y
  Fancy output (FEATURE_TASKSET_FANCY) [Y/n/?] (NEW) y
    CPU list support (-c option) (FEATURE_TASKSET_CPULIST) [Y/n/?] (NEW) y
uevent (3.1 kb) (UEVENT) [Y/n/?] (NEW) y
umount (5.1 kb) (UMOUNT) [Y/n/?] (NEW) y
  Support -a (unmount all) (FEATURE_UMOUNT_ALL) [Y/n/?] (NEW) y
unshare (7.2 kb) (UNSHARE) [Y/n/?] (NEW) y
wall (2.6 kb) (WALL) [Y/n/?] (NEW) y
*
* Common options for mount/umount
*
Support loopback mounts (FEATURE_MOUNT_LOOP) [Y/n/?] (NEW) y
  Create new loopback devices if needed (FEATURE_MOUNT_LOOP_CREATE) [Y/n/?] (NEW) y
Support old /etc/mtab file (FEATURE_MTAB_SUPPORT) [N/y/?] (NEW) n
*
* Filesystem/Volume identification
*
bcache filesystem (FEATURE_VOLUMEID_BCACHE) [Y/n] (NEW) y
btrfs filesystem (FEATURE_VOLUMEID_BTRFS) [Y/n] (NEW) y
cramfs filesystem (FEATURE_VOLUMEID_CRAMFS) [Y/n] (NEW) y
erofs filesystem (FEATURE_VOLUMEID_EROFS) [Y/n/?] (NEW) y
exFAT filesystem (FEATURE_VOLUMEID_EXFAT) [Y/n/?] (NEW) y
Ext filesystem (FEATURE_VOLUMEID_EXT) [Y/n] (NEW) y
f2fs filesystem (FEATURE_VOLUMEID_F2FS) [Y/n/?] (NEW) y
fat filesystem (FEATURE_VOLUMEID_FAT) [Y/n] (NEW) y
hfs filesystem (FEATURE_VOLUMEID_HFS) [Y/n] (NEW) y
iso9660 filesystem (FEATURE_VOLUMEID_ISO9660) [Y/n] (NEW) y
jfs filesystem (FEATURE_VOLUMEID_JFS) [Y/n] (NEW) y
LittleFS filesystem (FEATURE_VOLUMEID_LFS) [Y/n/?] (NEW) y
linuxraid (FEATURE_VOLUMEID_LINUXRAID) [Y/n] (NEW) y
linux swap filesystem (FEATURE_VOLUMEID_LINUXSWAP) [Y/n] (NEW) y
luks filesystem (FEATURE_VOLUMEID_LUKS) [Y/n] (NEW) y
minix filesystem (FEATURE_VOLUMEID_MINIX) [Y/n] (NEW) y
nilfs filesystem (FEATURE_VOLUMEID_NILFS) [Y/n/?] (NEW) y
ntfs filesystem (FEATURE_VOLUMEID_NTFS) [Y/n] (NEW) y
ocfs2 filesystem (FEATURE_VOLUMEID_OCFS2) [Y/n] (NEW) y
Reiser filesystem (FEATURE_VOLUMEID_REISERFS) [Y/n] (NEW) y
romfs filesystem (FEATURE_VOLUMEID_ROMFS) [Y/n] (NEW) y
SquashFS filesystem (FEATURE_VOLUMEID_SQUASHFS) [Y/n/?] (NEW) y
sysv filesystem (FEATURE_VOLUMEID_SYSV) [Y/n] (NEW) y
UBIFS filesystem (FEATURE_VOLUMEID_UBIFS) [Y/n/?] (NEW) y
udf filesystem (FEATURE_VOLUMEID_UDF) [Y/n] (NEW) y
xfs filesystem (FEATURE_VOLUMEID_XFS) [Y/n] (NEW) y
*
* Miscellaneous Utilities
*
adjtimex (4.7 kb) (ADJTIMEX) [Y/n/?] (NEW) y
ascii (ASCII) [Y/n/?] (NEW) y
bbconfig (9.7 kb) (BBCONFIG) [N/y/?] (NEW) n
bc (45 kb) (BC) [Y/n/?] (NEW) y
dc (36 kb) (DC) [Y/n/?] (NEW) y
  Use bc code base for dc (larger, more features) (FEATURE_DC_BIG) [Y] (NEW) y
    Interactive mode (+4kb) (FEATURE_BC_INTERACTIVE) [Y/n/?] (NEW) y
    Enable bc/dc long options (FEATURE_BC_LONG_OPTIONS) [Y/n] (NEW) y
beep (2.4 kb) (BEEP) [Y/n/?] (NEW) y
  default frequency (FEATURE_BEEP_FREQ) [4000] (NEW) 4000
  default length (FEATURE_BEEP_LENGTH_MS) [30] (NEW) 30
chat (6.3 kb) (CHAT) [Y/n/?] (NEW) y
  Enable NOFAIL expect strings (FEATURE_CHAT_NOFAIL) [Y/n/?] (NEW) y
  Force STDIN to be a TTY (FEATURE_CHAT_TTY_HIFI) [N/y/?] (NEW) n
  Enable implicit Carriage Return (FEATURE_CHAT_IMPLICIT_CR) [Y/n/?] (NEW) y
  Swallow options (FEATURE_CHAT_SWALLOW_OPTS) [Y/n/?] (NEW) y
  Support weird SEND escapes (FEATURE_CHAT_SEND_ESCAPES) [Y/n/?] (NEW) y
  Support variable-length ABORT conditions (FEATURE_CHAT_VAR_ABORT_LEN) [Y/n/?] (NEW) y
  Support revoking of ABORT conditions (FEATURE_CHAT_CLR_ABORT) [Y/n/?] (NEW) y
conspy (10 kb) (CONSPY) [Y/n/?] (NEW) y
crond (14 kb) (CROND) [Y/n/?] (NEW) y
  Support -d (redirect output to stderr) (FEATURE_CROND_D) [Y/n/?] (NEW) y
  Report command output via email (using sendmail) (FEATURE_CROND_CALL_SENDMAIL) [Y/n/?] (NEW) y
  Support special times (@reboot, @daily, etc) in crontabs (FEATURE_CROND_SPECIAL_TIMES) [Y/n/?] (NEW) y
  crond spool directory (FEATURE_CROND_DIR) [/var/spool/cron] (NEW) /var/spool/cron
crontab (10 kb) (CRONTAB) [Y/n/?] (NEW) y
devfsd (obsolete) (DEVFSD) [N/y/?] (NEW) n
Use devfs names for all devices (obsolete) (FEATURE_DEVFS) [N/y/?] (NEW) n
devmem (2.5 kb) (DEVMEM) [Y/n/?] (NEW) y
fbsplash (26 kb) (FBSPLASH) [Y/n/?] (NEW) y
flash_eraseall (5.9 kb) (FLASH_ERASEALL) [N/y/?] (NEW) n
flash_lock (2.1 kb) (FLASH_LOCK) [N/y/?] (NEW) n
flash_unlock (1.3 kb) (FLASH_UNLOCK) [N/y/?] (NEW) n
flashcp (5.3 kb) (FLASHCP) [N/y/?] (NEW) n
hdparm (25 kb) (HDPARM) [Y/n/?] (NEW) y
  Support obtaining detailed information directly from drives (FEATURE_HDPARM_GET_IDENTITY) [Y/n/?] (NEW) y
  Register an IDE interface (DANGEROUS) (FEATURE_HDPARM_HDIO_SCAN_HWIF) [Y/n/?] (NEW) y
  Un-register an IDE interface (DANGEROUS) (FEATURE_HDPARM_HDIO_UNREGISTER_HWIF) [Y/n/?] (NEW) y
  Perform device reset (DANGEROUS) (FEATURE_HDPARM_HDIO_DRIVE_RESET) [Y/n/?] (NEW) y
  Tristate device for hotswap (DANGEROUS) (FEATURE_HDPARM_HDIO_TRISTATE_HWIF) [Y/n/?] (NEW) y
  Get/set using_dma flag (FEATURE_HDPARM_HDIO_GETSET_DMA) [Y/n/?] (NEW) y
hexedit (21 kb) (HEXEDIT) [Y/n/?] (NEW) y
i2cget (5.5 kb) (I2CGET) [Y/n/?] (NEW) y
i2cset (6.7 kb) (I2CSET) [Y/n/?] (NEW) y
i2cdump (7.1 kb) (I2CDUMP) [Y/n/?] (NEW) y
i2cdetect (7.1 kb) (I2CDETECT) [Y/n/?] (NEW) y
i2ctransfer (4.0 kb) (I2CTRANSFER) [Y/n/?] (NEW) y
inotifyd (3.6 kb) (INOTIFYD) [N/y/?] (NEW) n
less (16 kb) (LESS) [Y/n/?] (NEW) y
  Max number of input lines less will try to eat (FEATURE_LESS_MAXLINES) [9999999] (NEW) 9999999
  Enable bracket searching (FEATURE_LESS_BRACKETS) [Y/n/?] (NEW) y
  Enable -m/-M (FEATURE_LESS_FLAGS) [Y/n/?] (NEW) y
  Enable -S (FEATURE_LESS_TRUNCATE) [Y/n/?] (NEW) y
  Enable marks (FEATURE_LESS_MARKS) [Y/n/?] (NEW) y
  Enable regular expressions (FEATURE_LESS_REGEXP) [Y/n/?] (NEW) y
  Enable automatic resizing on window size changes (FEATURE_LESS_WINCH) [Y/n/?] (NEW) y
    Use 'tell me cursor position' ESC sequence to measure window (FEATURE_LESS_ASK_TERMINAL) [Y/n/?] (NEW) y
  Enable flag changes ('-' command) (FEATURE_LESS_DASHCMD) [Y/n/?] (NEW) y
    Enable -N (dynamic switching of line numbers) (FEATURE_LESS_LINENUMS) [Y/n] (NEW) y
    Enable -R ('raw control characters') (FEATURE_LESS_RAW) [Y/n/?] (NEW) y
    Take options from $LESS environment variable (FEATURE_LESS_ENV) [Y/n/?] (NEW) y
lsscsi (2.5 kb) (LSSCSI) [Y/n/?] (NEW) y
makedevs (9.2 kb) (MAKEDEVS) [Y/n/?] (NEW) y
  Choose makedevs behaviour
    1. leaf (FEATURE_MAKEDEVS_LEAF) (NEW)
  > 2. table (FEATURE_MAKEDEVS_TABLE) (NEW)
  choice[1-2]: 2
man (26 kb) (MAN) [Y/n/?] (NEW) y
microcom (5.7 kb) (MICROCOM) [Y/n/?] (NEW) y
mim (0.5 kb) (MIM) [Y/n/?] (NEW) y
mt (2.5 kb) (MT) [Y/n/?] (NEW) y
nandwrite (4.8 kb) (NANDWRITE) [Y/n/?] (NEW) y
nanddump (5.2 kb) (NANDDUMP) [Y/n/?] (NEW) y
partprobe (3.5 kb) (PARTPROBE) [Y/n/?] (NEW) y
raidautorun (1.3 kb) (RAIDAUTORUN) [Y/n/?] (NEW) y
readahead (1.5 kb) (READAHEAD) [Y/n/?] (NEW) y
rfkill (4.4 kb) (RFKILL) [N/y/?] (NEW) n
runlevel (559 bytes) (RUNLEVEL) [Y/n/?] (NEW) y
rx (2.9 kb) (RX) [Y/n/?] (NEW) y
seedrng (1.3 kb) (SEEDRNG) [Y/n/?] (NEW) y
setfattr (3.7 kb) (SETFATTR) [Y/n/?] (NEW) y
setserial (6.9 kb) (SETSERIAL) [Y/n/?] (NEW) y
strings (4.6 kb) (STRINGS) [Y/n/?] (NEW) y
time (6.8 kb) (TIME) [Y/n/?] (NEW) y
tree (0.6 kb) (TREE) [Y/n/?] (NEW) y
ts (450 bytes) (TS) [Y/n] (NEW) y
ttysize (432 bytes) (TTYSIZE) [Y/n/?] (NEW) y
ubiattach (4.2 kb) (UBIATTACH) [Y/n/?] (NEW) y
ubidetach (4.1 kb) (UBIDETACH) [Y/n/?] (NEW) y
ubimkvol (5.3 kb) (UBIMKVOL) [Y/n/?] (NEW) y
ubirmvol (4.9 kb) (UBIRMVOL) [Y/n/?] (NEW) y
ubirsvol (4.2 kb) (UBIRSVOL) [Y/n/?] (NEW) y
ubiupdatevol (5.2 kb) (UBIUPDATEVOL) [Y/n/?] (NEW) y
ubirename (2.4 kb) (UBIRENAME) [Y/n/?] (NEW) y
volname (1.6 kb) (VOLNAME) [Y/n/?] (NEW) y
watchdog (5.3 kb) (WATCHDOG) [Y/n/?] (NEW) y
  Open watchdog device twice, closing it gracefully in between (FEATURE_WATCHDOG_OPEN_TWICE) [N/y/?] (NEW) n
*
* Networking Utilities
*
Enable IPv6 support (FEATURE_IPV6) [Y/n/?] (NEW) y
Enable Unix domain socket support (usually not needed) (FEATURE_UNIX_LOCAL) [N/y/?] (NEW) n
Prefer IPv4 addresses from DNS queries (FEATURE_PREFER_IPV4_ADDRESS) [Y/n/?] (NEW) y
Verbose resolution errors (VERBOSE_RESOLUTION_ERRORS) [N/y/?] (NEW) n
Support /etc/networks (FEATURE_ETC_NETWORKS) [N/y/?] (NEW) n
Consult /etc/services even for well-known ports (FEATURE_ETC_SERVICES) [N/y/?] (NEW) n
Support infiniband HW (FEATURE_HWIB) [Y/n/?] (NEW) y
In TLS code, support ciphers which use deprecated SHA1 (FEATURE_TLS_SHA1) [N/y/?] (NEW) n
arp (10 kb) (ARP) [Y/n/?] (NEW) y
arping (9 kb) (ARPING) [Y/n/?] (NEW) y
brctl (4.7 kb) (BRCTL) [Y/n/?] (NEW) y
  Fancy options (FEATURE_BRCTL_FANCY) [Y/n/?] (NEW) y
    Support show (FEATURE_BRCTL_SHOW) [Y/n/?] (NEW) y
dnsd (9.8 kb) (DNSD) [Y/n/?] (NEW) y
ether-wake (4.9 kb) (ETHER_WAKE) [Y/n/?] (NEW) y
ftpd (30 kb) (FTPD) [Y/n/?] (NEW) y
  Enable -w (upload commands) (FEATURE_FTPD_WRITE) [Y/n/?] (NEW) y
  Enable workaround for RFC-violating clients (FEATURE_FTPD_ACCEPT_BROKEN_LIST) [Y/n/?] (NEW) y
  Enable authentication (FEATURE_FTPD_AUTHENTICATION) [Y/n/?] (NEW) y
ftpget (7.8 kb) (FTPGET) [Y/n/?] (NEW) y
ftpput (7.5 kb) (FTPPUT) [Y/n/?] (NEW) y
  Enable long options in ftpget/ftpput (FEATURE_FTPGETPUT_LONG_OPTIONS) [Y/n] (NEW) y
hostname (5.5 kb) (HOSTNAME) [Y/n/?] (NEW) y
dnsdomainname (3.6 kb) (DNSDOMAINNAME) [Y/n/?] (NEW) y
httpd (32 kb) (HTTPD) [Y/n/?] (NEW) y
  Default port (FEATURE_HTTPD_PORT_DEFAULT) [80] (NEW) 80
  Support 'Ranges:' header (FEATURE_HTTPD_RANGES) [Y/n/?] (NEW) y
  Enable -u <user> option (FEATURE_HTTPD_SETUID) [Y/n/?] (NEW) y
  Enable HTTP authentication (FEATURE_HTTPD_BASIC_AUTH) [Y/n/?] (NEW) y
    Support MD5-encrypted passwords in HTTP authentication (FEATURE_HTTPD_AUTH_MD5) [Y/n/?] (NEW) y
  Support Common Gateway Interface (CGI) (FEATURE_HTTPD_CGI) [Y/n/?] (NEW) y
    Support running scripts through an interpreter (FEATURE_HTTPD_CONFIG_WITH_SCRIPT_INTERPR) [Y/n/?] (NEW) y
    Set REMOTE_PORT environment variable for CGI (FEATURE_HTTPD_SET_REMOTE_PORT_TO_ENV) [Y/n/?] (NEW) y
  Enable -e option (useful for CGIs written as shell scripts) (FEATURE_HTTPD_ENCODE_URL_STR) [Y/n/?] (NEW) y
  Support custom error pages (FEATURE_HTTPD_ERROR_PAGES) [Y/n/?] (NEW) y
  Support reverse proxy (FEATURE_HTTPD_PROXY) [Y/n/?] (NEW) y
  Support GZIP content encoding (FEATURE_HTTPD_GZIP) [Y/n/?] (NEW) y
  Support caching via ETag header (FEATURE_HTTPD_ETAG) [Y/n/?] (NEW) y
  Add Last-Modified header to response (FEATURE_HTTPD_LAST_MODIFIED) [Y/n/?] (NEW) y
  Add Date header to response (FEATURE_HTTPD_DATE) [Y/n/?] (NEW) y
  ACL IP (FEATURE_HTTPD_ACL_IP) [Y/n/?] (NEW) y
ifconfig (12 kb) (IFCONFIG) [Y/n/?] (NEW) y
  Enable status reporting output (+7k) (FEATURE_IFCONFIG_STATUS) [Y/n/?] (NEW) y
  Enable slip-specific options "keepalive" and "outfill" (FEATURE_IFCONFIG_SLIP) [Y/n/?] (NEW) y
  Enable options "mem_start", "io_addr", and "irq" (FEATURE_IFCONFIG_MEMSTART_IOADDR_IRQ) [Y/n/?] (NEW) y
  Enable option "hw" (ether only) (FEATURE_IFCONFIG_HW) [Y/n/?] (NEW) y
  Set the broadcast automatically (FEATURE_IFCONFIG_BROADCAST_PLUS) [Y/n/?] (NEW) y
ifenslave (13 kb) (IFENSLAVE) [Y/n/?] (NEW) y
ifplugd (10 kb) (IFPLUGD) [Y/n/?] (NEW) y
ifup (14 kb) (IFUP) [Y/n/?] (NEW) y
ifdown (13 kb) (IFDOWN) [Y/n/?] (NEW) y
  Absolute path to ifstate file (IFUPDOWN_IFSTATE_PATH) [/var/run/ifstate] (NEW) /var/run/ifstate
  Use ip tool (else ifconfig/route is used) (FEATURE_IFUPDOWN_IP) [Y/n/?] (NEW) y
  Support IPv4 (FEATURE_IFUPDOWN_IPV4) [Y/n/?] (NEW) y
  Support IPv6 (FEATURE_IFUPDOWN_IPV6) [Y/n/?] (NEW) y
  Enable mapping support (FEATURE_IFUPDOWN_MAPPING) [Y/n/?] (NEW) y
  Support external DHCP clients (FEATURE_IFUPDOWN_EXTERNAL_DHCP) [N/y/?] (NEW) n
inetd (18 kb) (INETD) [Y/n/?] (NEW) y
  Support echo service on port 7 (FEATURE_INETD_SUPPORT_BUILTIN_ECHO) [Y/n/?] (NEW) y
  Support discard service on port 8 (FEATURE_INETD_SUPPORT_BUILTIN_DISCARD) [Y/n/?] (NEW) y
  Support time service on port 37 (FEATURE_INETD_SUPPORT_BUILTIN_TIME) [Y/n/?] (NEW) y
  Support daytime service on port 13 (FEATURE_INETD_SUPPORT_BUILTIN_DAYTIME) [Y/n/?] (NEW) y
  Support chargen service on port 19 (FEATURE_INETD_SUPPORT_BUILTIN_CHARGEN) [Y/n/?] (NEW) y
  Support RPC services (FEATURE_INETD_RPC) [N/y/?] (NEW) n
ip (35 kb) (IP) [Y/n/?] (NEW) y
ipaddr (14 kb) (IPADDR) [Y/n/?] (NEW) y
iplink (17 kb) (IPLINK) [Y/n/?] (NEW) y
iproute (15 kb) (IPROUTE) [Y/n/?] (NEW) y
iptunnel (9.6 kb) (IPTUNNEL) [Y/n/?] (NEW) y
iprule (10 kb) (IPRULE) [Y/n/?] (NEW) y
ipneigh (8.3 kb) (IPNEIGH) [Y/n/?] (NEW) y
ip address (FEATURE_IP_ADDRESS) [Y/?] (NEW) y
ip link (FEATURE_IP_LINK) [Y/?] (NEW) y
ip route (FEATURE_IP_ROUTE) [Y/?] (NEW) y
  ip route configuration directory (FEATURE_IP_ROUTE_DIR) [/etc/iproute2] (NEW) /etc/iproute2
ip tunnel (FEATURE_IP_TUNNEL) [Y/?] (NEW) y
ip rule (FEATURE_IP_RULE) [Y/?] (NEW) y
ip neighbor (FEATURE_IP_NEIGH) [Y/?] (NEW) y
Support displaying rarely used link types (FEATURE_IP_RARE_PROTOCOLS) [N/y/?] (NEW) n
ipcalc (4.4 kb) (IPCALC) [Y/n/?] (NEW) y
  Enable long options (FEATURE_IPCALC_LONG_OPTIONS) [Y/n] (NEW) y
  Fancy IPCALC, more options, adds 1 kbyte (FEATURE_IPCALC_FANCY) [Y/n/?] (NEW) y
fakeidentd (8.7 kb) (FAKEIDENTD) [Y/n/?] (NEW) y
nameif (6.6 kb) (NAMEIF) [Y/n/?] (NEW) y
  Extended nameif (FEATURE_NAMEIF_EXTENDED) [Y/n/?] (NEW) y
nbd-client (6 kb) (NBDCLIENT) [Y/n/?] (NEW) y
nc (11 kb) (NC) [Y/n/?] (NEW) y
netcat (11 kb) (NETCAT) [N/y/?] (NEW) n
  Netcat server options (-l) (NC_SERVER) [Y/n/?] (NEW) y
  Netcat extensions (-eiw and -f FILE) (NC_EXTRA) [Y/n/?] (NEW) y
  Netcat 1.10 compatibility (+2.5k) (NC_110_COMPAT) [Y/n/?] (NEW) y
netstat (10 kb) (NETSTAT) [Y/n/?] (NEW) y
  Enable wide output (FEATURE_NETSTAT_WIDE) [Y/n/?] (NEW) y
  Enable PID/Program name output (FEATURE_NETSTAT_PRG) [Y/n/?] (NEW) y
nslookup (9.7 kb) (NSLOOKUP) [Y/n/?] (NEW) y
  Use internal resolver code instead of libc (FEATURE_NSLOOKUP_BIG) [Y/n] (NEW) y
    Enable long options (FEATURE_NSLOOKUP_LONG_OPTIONS) [Y/n] (NEW) y
ntpd (22 kb) (NTPD) [Y/n/?] (NEW) y
  Make ntpd usable as a NTP server (FEATURE_NTPD_SERVER) [Y/n/?] (NEW) y
  Make ntpd understand /etc/ntp.conf (FEATURE_NTPD_CONF) [Y/n/?] (NEW) y
  Support md5/sha1 message authentication codes (FEATURE_NTP_AUTH) [Y/n] (NEW) y
ping (10 kb) (PING) [Y/n/?] (NEW) y
ping6 (11 kb) (PING6) [Y/n/?] (NEW) y
Enable fancy ping output (FEATURE_FANCY_PING) [Y/n/?] (NEW) y
pscan (6 kb) (PSCAN) [Y/n/?] (NEW) y
route (8.7 kb) (ROUTE) [Y/n/?] (NEW) y
slattach (6.2 kb) (SLATTACH) [Y/n/?] (NEW) y
ssl_client (25 kb) (SSL_CLIENT) [Y/n/?] (NEW) y
tc (8.3 kb) (TC) [Y/n/?] (NEW) y
  Enable ingress (FEATURE_TC_INGRESS) [Y/n] (NEW) y
tcpsvd (14 kb) (TCPSVD) [Y/n/?] (NEW) y
udpsvd (13 kb) (UDPSVD) [Y/n/?] (NEW) y
telnet (8.8 kb) (TELNET) [Y/n/?] (NEW) y
  Pass TERM type to remote host (FEATURE_TELNET_TTYPE) [Y/n/?] (NEW) y
  Pass USER type to remote host (FEATURE_TELNET_AUTOLOGIN) [Y/n/?] (NEW) y
  Enable window size autodetection (FEATURE_TELNET_WIDTH) [Y/n] (NEW) y
telnetd (12 kb) (TELNETD) [Y/n/?] (NEW) y
  Support standalone telnetd (not inetd only) (FEATURE_TELNETD_STANDALONE) [Y/n/?] (NEW) y
    Default port (FEATURE_TELNETD_PORT_DEFAULT) [23] (NEW) 23
    Support -w SEC option (inetd wait mode) (FEATURE_TELNETD_INETD_WAIT) [Y/n/?] (NEW) y
tftp (11 kb) (TFTP) [Y/n/?] (NEW) y
  Enable progress bar (FEATURE_TFTP_PROGRESS_BAR) [Y/n] (NEW) y
  tftp-hpa compat (support -c get/put FILE) (FEATURE_TFTP_HPA_COMPAT) [Y/n] (NEW) y
tftpd (10 kb) (TFTPD) [Y/n/?] (NEW) y
  Enable 'tftp get' and/or tftpd upload code (FEATURE_TFTP_GET) [Y/n/?] (NEW) y
  Enable 'tftp put' and/or tftpd download code (FEATURE_TFTP_PUT) [Y/n/?] (NEW) y
  Enable 'blksize' and 'tsize' protocol options (FEATURE_TFTP_BLOCKSIZE) [Y/n/?] (NEW) y
  Enable debug (TFTP_DEBUG) [N/y/?] (NEW) n
traceroute (11 kb) (TRACEROUTE) [Y/n/?] (NEW) y
traceroute6 (13 kb) (TRACEROUTE6) [Y/n/?] (NEW) y
Enable verbose output (FEATURE_TRACEROUTE_VERBOSE) [Y/n/?] (NEW) y
Enable -I option (use ICMP instead of UDP) (FEATURE_TRACEROUTE_USE_ICMP) [Y/n] (NEW) y
tunctl (6.2 kb) (TUNCTL) [Y/n/?] (NEW) y
  Support owner:group assignment (FEATURE_TUNCTL_UG) [Y/n/?] (NEW) y
vconfig (2.3 kb) (VCONFIG) [Y/n/?] (NEW) y
wget (38 kb) (WGET) [Y/n/?] (NEW) y
  Enable long options (FEATURE_WGET_LONG_OPTIONS) [Y/n] (NEW) y
  Enable progress bar (+2k) (FEATURE_WGET_STATUSBAR) [Y/n] (NEW) y
  Enable FTP protocol (+1k) (FEATURE_WGET_FTP) [Y/n/?] (NEW) y
  Enable HTTP authentication (FEATURE_WGET_AUTHENTICATION) [Y/n/?] (NEW) y
  Enable timeout option -T SEC (FEATURE_WGET_TIMEOUT) [Y/n/?] (NEW) y
  Support HTTPS using internal TLS code (FEATURE_WGET_HTTPS) [Y/n/?] (NEW) y
  Try to connect to HTTPS using openssl (FEATURE_WGET_OPENSSL) [Y/n/?] (NEW) y
whois (6.3 kb) (WHOIS) [Y/n/?] (NEW) y
zcip (8.4 kb) (ZCIP) [Y/n/?] (NEW) y
udhcpd (21 kb) (UDHCPD) [Y/n/?] (NEW) y
  Select IP address based on client MAC (FEATURE_UDHCPD_BASE_IP_ON_MAC) [N/y/?] (NEW) n
  Rewrite lease file at every new acknowledge (FEATURE_UDHCPD_WRITE_LEASES_EARLY) [Y/n/?] (NEW) y
  Absolute path to lease file (DHCPD_LEASES_FILE) [/var/lib/misc/udhcpd.leases] (NEW) /var/lib/misc/udhcpd.leases
dumpleases (5.1 kb) (DUMPLEASES) [Y/n/?] (NEW) y
dhcprelay (5.2 kb) (DHCPRELAY) [Y/n/?] (NEW) y
udhcpc (24 kb) (UDHCPC) [Y/n/?] (NEW) y
  Verify that the offered address is free, using ARP ping (FEATURE_UDHCPC_ARPING) [Y/n/?] (NEW) y
  Do not pass malformed host and domain names (FEATURE_UDHCPC_SANITIZEOPT) [Y/n/?] (NEW) y
  Absolute path to config script (UDHCPC_DEFAULT_SCRIPT) [/usr/share/udhcpc/default.script] (NEW) /usr/share/udhcpc/default.script
Absolute path to config script for IPv6 (UDHCPC6_DEFAULT_SCRIPT) [/usr/share/udhcpc/default6.script] (NEW) /usr/share/udhcpc/default6.script
udhcpc6 (21 kb) (UDHCPC6) [Y/n/?] (NEW) y
  Support RFC 3646 (DNS server and search list) (FEATURE_UDHCPC6_RFC3646) [Y/n/?] (NEW) y
  Support RFC 4704 (Client FQDN) (FEATURE_UDHCPC6_RFC4704) [Y/n/?] (NEW) y
  Support RFC 4833 (Timezones) (FEATURE_UDHCPC6_RFC4833) [Y/n/?] (NEW) y
  Support RFC 5970 (Network Boot) (FEATURE_UDHCPC6_RFC5970) [Y/n/?] (NEW) y
*
* Common options for DHCP applets
*
Default interface name (UDHCPC_DEFAULT_INTERFACE) [eth0] (NEW) eth0
Enable '-P port' option for udhcpd and udhcpc (FEATURE_UDHCP_PORT) [N/y/?] (NEW) n
Maximum verbosity level (0..9) (UDHCP_DEBUG) [2] (NEW) 2
DHCP options slack buffer size (UDHCPC_SLACK_FOR_BUGGY_SERVERS) [80] (NEW) 80
Support RFC 3397 domain search options (FEATURE_UDHCP_RFC3397) [Y/n/?] (NEW) y
Support 802.1Q VLAN parameters options (FEATURE_UDHCP_8021Q) [Y/n/?] (NEW) y
ifup udhcpc command line options (IFUPDOWN_UDHCPC_CMD_OPTIONS) [-R -n] (NEW) -R -n
*
* Print Utilities
*
lpd (5.5 kb) (LPD) [Y/n/?] (NEW) y
lpr (9.9 kb) (LPR) [Y/n/?] (NEW) y
lpq (9.9 kb) (LPQ) [Y/n/?] (NEW) y
*
* Mail Utilities
*
Default charset (FEATURE_MIME_CHARSET) [us-ascii] (NEW) us-ascii
makemime (5.4 kb) (MAKEMIME) [Y/n/?] (NEW) y
popmaildir (10 kb) (POPMAILDIR) [Y/n/?] (NEW) y
  Allow message filters and custom delivery program (FEATURE_POPMAILDIR_DELIVERY) [Y/n/?] (NEW) y
reformime (7.5 kb) (REFORMIME) [Y/n/?] (NEW) y
  Accept and ignore options other than -x and -X (FEATURE_REFORMIME_COMPAT) [Y/n/?] (NEW) y
sendmail (14 kb) (SENDMAIL) [Y/n/?] (NEW) y
*
* Process Utilities
*
Faster /proc scanning code (+100 bytes) (FEATURE_FAST_TOP) [N/y/?] (NEW) n
Support thread display in ps/pstree/top (FEATURE_SHOW_THREADS) [Y/n/?] (NEW) y
free (3.1 kb) (FREE) [Y/n/?] (NEW) y
fuser (7 kb) (FUSER) [Y/n/?] (NEW) y
iostat (7.6 kb) (IOSTAT) [Y/n/?] (NEW) y
kill (3.1 kb) (KILL) [Y/n/?] (NEW) y
killall (5.6 kb) (KILLALL) [Y/n/?] (NEW) y
killall5 (5.3 kb) (KILLALL5) [Y/n/?] (NEW) y
lsof (3.4 kb) (LSOF) [Y/n/?] (NEW) y
mpstat (9.8 kb) (MPSTAT) [Y/n/?] (NEW) y
nmeter (11 kb) (NMETER) [Y/n/?] (NEW) y
pgrep (6.5 kb) (PGREP) [Y/n/?] (NEW) y
pkill (7.5 kb) (PKILL) [Y/n/?] (NEW) y
pidof (6.3 kb) (PIDOF) [Y/n/?] (NEW) y
  Enable single shot (-s) (FEATURE_PIDOF_SINGLE) [Y/n/?] (NEW) y
  Enable omitting pids (-o PID) (FEATURE_PIDOF_OMIT) [Y/n/?] (NEW) y
pmap (6 kb) (PMAP) [Y/n/?] (NEW) y
powertop (9.6 kb) (POWERTOP) [Y/n/?] (NEW) y
  Accept keyboard commands (FEATURE_POWERTOP_INTERACTIVE) [Y/n/?] (NEW) y
ps (11 kb) (PS) [Y/n/?] (NEW) y
  Enable -o time and -o etime specifiers (FEATURE_PS_TIME) [Y/n] (NEW) y
    Support Linux prior to 2.4.0 and non-ELF systems (FEATURE_PS_UNUSUAL_SYSTEMS) [N/y/?] (NEW) n
  Enable -o rgroup, -o ruser, -o nice specifiers (FEATURE_PS_ADDITIONAL_COLUMNS) [Y/n] (NEW) y
pstree (9.3 kb) (PSTREE) [Y/n/?] (NEW) y
pwdx (3.7 kb) (PWDX) [Y/n/?] (NEW) y
smemcap (2.5 kb) (SMEMCAP) [Y/n/?] (NEW) y
sysctl (7.4 kb) (BB_SYSCTL) [Y/n/?] (NEW) y
top (18 kb) (TOP) [Y/n/?] (NEW) y
  Accept keyboard commands (FEATURE_TOP_INTERACTIVE) [Y/n/?] (NEW) y
  Show CPU per-process usage percentage (FEATURE_TOP_CPU_USAGE_PERCENTAGE) [Y/n/?] (NEW) y
    Show CPU global usage percentage (FEATURE_TOP_CPU_GLOBAL_PERCENTS) [Y/n/?] (NEW) y
      SMP CPU usage display ('c' key) (FEATURE_TOP_SMP_CPU) [Y/n/?] (NEW) y
    Show 1/10th of a percent in CPU/mem statistics (FEATURE_TOP_DECIMALS) [Y/n/?] (NEW) y
  Show CPU process runs on ('j' field) (FEATURE_TOP_SMP_PROCESS) [Y/n/?] (NEW) y
  Topmem command ('s' key) (FEATURE_TOPMEM) [Y/n/?] (NEW) y
uptime (3.7 kb) (UPTIME) [Y/n/?] (NEW) y
  Show the number of users (FEATURE_UPTIME_UTMP_SUPPORT) [Y/n/?] (NEW) y
watch (4.4 kb) (WATCH) [Y/n/?] (NEW) y
*
* Runit Utilities
*
chpst (9 kb) (CHPST) [Y/n/?] (NEW) y
setuidgid (4 kb) (SETUIDGID) [Y/n/?] (NEW) y
envuidgid (3.9 kb) (ENVUIDGID) [Y/n/?] (NEW) y
envdir (2.5 kb) (ENVDIR) [Y/n/?] (NEW) y
softlimit (4.5 kb) (SOFTLIMIT) [Y/n/?] (NEW) y
runsv (7.8 kb) (RUNSV) [Y/n/?] (NEW) y
runsvdir (6.3 kb) (RUNSVDIR) [Y/n/?] (NEW) y
  Enable scrolling argument log (FEATURE_RUNSVDIR_LOG) [N/y/?] (NEW) n
sv (8.5 kb) (SV) [Y/n/?] (NEW) y
  Default directory for services (SV_DEFAULT_SERVICE_DIR) [/var/service] (NEW) /var/service
svc (8.4 kb) (SVC) [Y/n/?] (NEW) y
svok (1.5 kb) (SVOK) [Y/n/?] (NEW) y
svlogd (16 kb) (SVLOGD) [Y/n/?] (NEW) y
*
* Shells
*
Choose which shell is aliased to 'sh' name
> 1. ash (SH_IS_ASH) (NEW)
  2. hush (SH_IS_HUSH) (NEW)
  3. none (SH_IS_NONE) (NEW)
choice[1-3?]: 1
Choose which shell is aliased to 'bash' name
  1. ash (BASH_IS_ASH) (NEW)
  2. hush (BASH_IS_HUSH) (NEW)
> 3. none (BASH_IS_NONE) (NEW)
choice[1-3?]: 3
ash (78 kb) (ASH) [Y/n/?] (NEW) y
  Optimize for size instead of speed (ASH_OPTIMIZE_FOR_SIZE) [Y/n] (NEW) y
  Use internal glob() implementation (ASH_INTERNAL_GLOB) [Y/n/?] (NEW) y
  bash-compatible extensions (ASH_BASH_COMPAT) [Y/n] (NEW) y
    'source' and '.' builtins search current directory after $PATH (ASH_BASH_SOURCE_CURDIR) [N/y/?] (NEW) n
    command_not_found_handle hook support (ASH_BASH_NOT_FOUND_HOOK) [Y/n/?] (NEW) y
  Job control (ASH_JOB_CONTROL) [Y/n] (NEW) y
  Alias support (ASH_ALIAS) [Y/n] (NEW) y
  Pseudorandom generator and $RANDOM variable (ASH_RANDOM_SUPPORT) [Y/n/?] (NEW) y
  Expand prompt string (ASH_EXPAND_PRMT) [Y/n/?] (NEW) y
  Idle timeout variable $TMOUT (ASH_IDLE_TIMEOUT) [Y/n/?] (NEW) y
  Check for new mail in interactive shell (ASH_MAIL) [Y/n/?] (NEW) y
  echo builtin (ASH_ECHO) [Y/n] (NEW) y
  printf builtin (ASH_PRINTF) [Y/n] (NEW) y
  test builtin (ASH_TEST) [Y/n] (NEW) y
  sleep builtin (ASH_SLEEP) [Y/n] (NEW) y
  help builtin (ASH_HELP) [Y/n] (NEW) y
  getopts builtin (ASH_GETOPTS) [Y/n] (NEW) y
  command builtin (ASH_CMDCMD) [Y/n/?] (NEW) y
cttyhack (2.4 kb) (CTTYHACK) [Y/n/?] (NEW) y
hush (68 kb) (HUSH) [Y/n/?] (NEW) y
Internal shell for embedded script support (SHELL_HUSH) [Y] (NEW) y
  bash-compatible extensions (HUSH_BASH_COMPAT) [Y/n] (NEW) y
    Brace expansion (HUSH_BRACE_EXPANSION) [Y/n/?] (NEW) y
    'source' and '.' builtins search current directory after $PATH (HUSH_BASH_SOURCE_CURDIR) [N/y/?] (NEW) n
  $LINENO variable (bashism) (HUSH_LINENO_VAR) [Y/n] (NEW) y
  Interactive mode (HUSH_INTERACTIVE) [Y/n/?] (NEW) y
    Save command history to .hush_history (HUSH_SAVEHISTORY) [Y/n] (NEW) y
    Job control (HUSH_JOB) [Y/n/?] (NEW) y
  Support command substitution (HUSH_TICK) [Y/n/?] (NEW) y
  Support if/then/elif/else/fi (HUSH_IF) [Y/n] (NEW) y
  Support for, while and until loops (HUSH_LOOPS) [Y/n] (NEW) y
  Support case ... esac statement (HUSH_CASE) [Y/n/?] (NEW) y
  Support funcname() { commands; } syntax (HUSH_FUNCTIONS) [Y/n/?] (NEW) y
    local builtin (HUSH_LOCAL) [Y/n/?] (NEW) y
  Pseudorandom generator and $RANDOM variable (HUSH_RANDOM_SUPPORT) [Y/n/?] (NEW) y
  Support 'hush -x' option and 'set -x' command (HUSH_MODE_X) [Y/n/?] (NEW) y
  echo builtin (HUSH_ECHO) [Y/n] (NEW) y
  printf builtin (HUSH_PRINTF) [Y/n] (NEW) y
  test builtin (HUSH_TEST) [Y/n] (NEW) y
  help builtin (HUSH_HELP) [Y/n] (NEW) y
  export builtin (HUSH_EXPORT) [Y/n] (NEW) y
    Support 'export -n' option (HUSH_EXPORT_N) [Y/n/?] (NEW) y
  readonly builtin (HUSH_READONLY) [Y/n/?] (NEW) y
  kill builtin (supports kill %jobspec) (HUSH_KILL) [Y/n] (NEW) y
  wait builtin (HUSH_WAIT) [Y/n] (NEW) y
  command builtin (HUSH_COMMAND) [Y/n] (NEW) y
  trap builtin (HUSH_TRAP) [Y/n] (NEW) y
  type builtin (HUSH_TYPE) [Y/n] (NEW) y
  times builtin (HUSH_TIMES) [Y/n] (NEW) y
  read builtin (HUSH_READ) [Y/n] (NEW) y
  set builtin (HUSH_SET) [Y/n] (NEW) y
  unset builtin (HUSH_UNSET) [Y/n] (NEW) y
  ulimit builtin (HUSH_ULIMIT) [Y/n] (NEW) y
  umask builtin (HUSH_UMASK) [Y/n] (NEW) y
  getopts builtin (HUSH_GETOPTS) [Y/n] (NEW) y
  memleak builtin (debugging) (HUSH_MEMLEAK) [N/y] (NEW) n
*
* Options common to all shells
*
POSIX math support (FEATURE_SH_MATH) [Y/n/?] (NEW) y
  Extend POSIX math support to 64 bit (FEATURE_SH_MATH_64) [Y/n/?] (NEW) y
  Support BASE#nnnn literals (FEATURE_SH_MATH_BASE) [Y/n] (NEW) y
Hide message on interactive shell startup (FEATURE_SH_EXTRA_QUIET) [Y/n/?] (NEW) y
Standalone shell (FEATURE_SH_STANDALONE) [N/y/?] (NEW) n
Run 'nofork' applets directly (FEATURE_SH_NOFORK) [N/y/?] (NEW) n
read -t N.NNN support (+110 bytes) (FEATURE_SH_READ_FRAC) [Y/n/?] (NEW) y
Use $HISTFILESIZE (FEATURE_SH_HISTFILESIZE) [Y/n/?] (NEW) y
Embed scripts in the binary (FEATURE_SH_EMBEDDED_SCRIPTS) [Y/n/?] (NEW) y
*
* System Logging Utilities
*
klogd (5.7 kb) (KLOGD) [Y/n/?] (NEW) y
  *
  * klogd should not be used together with syslog to kernel printk buffer
  *
  Use the klogctl() interface (FEATURE_KLOGD_KLOGCTL) [Y/n/?] (NEW) y
logger (6.3 kb) (LOGGER) [Y/n/?] (NEW) y
logread (4.8 kb) (LOGREAD) [Y/n/?] (NEW) y
  Double buffering (FEATURE_LOGREAD_REDUCED_LOCKING) [Y/n/?] (NEW) y
syslogd (13 kb) (SYSLOGD) [Y/n/?] (NEW) y
  Rotate message files (FEATURE_ROTATE_LOGFILE) [Y/n/?] (NEW) y
  Remote Log support (FEATURE_REMOTE_LOG) [Y/n/?] (NEW) y
  Support -D (drop dups) option (FEATURE_SYSLOGD_DUP) [Y/n/?] (NEW) y
  Support syslog.conf (FEATURE_SYSLOGD_CFG) [Y/n/?] (NEW) y
  Include milliseconds in timestamps (FEATURE_SYSLOGD_PRECISE_TIMESTAMPS) [N/y/?] (NEW) n
  Read buffer size in bytes (FEATURE_SYSLOGD_READ_BUFFER_SIZE) [256] (NEW) 256
  Circular Buffer support (FEATURE_IPC_SYSLOG) [Y/n/?] (NEW) y
    Circular buffer size in Kbytes (minimum 4KB) (FEATURE_IPC_SYSLOG_BUFFER_SIZE) [16] (NEW) 16
  Linux kernel printk buffer support (FEATURE_KMSG_SYSLOG) [Y/n/?] (NEW) y
    CONFIG_STATIC=y OK
==> build BusyBox (static musl / rv64ima / lp64)
scripts/kconfig/conf -s Config.in
#
# using defaults found in .config
#
applets/usage.c: In function ‘main’:
applets/usage.c:52:17: warning: ignoring return value of ‘write’ declared with attribute ‘warn_unused_result’ [-Wunused-result]
   52 |                 write(STDOUT_FILENO, usage_array[i].usage, strlen(usage_array[i].usage) + 1);
      |                 ^~~~~~~~~~~~~~~~~~~~~~~~~~~~~~~~~~~~~~~~~~~~~~~~~~~~~~~~~~~~~~~~~~~~~~~~~~~~
modutils/modutils.c: In function ‘filename2modname’:
cc1: warning: function may return address of local variable [-Wreturn-local-addr]
modutils/modutils.c:94:7: note: declared here
   94 |  char local_modname[MODULE_NAME_LEN];
      |       ^~~~~~~~~~~~~
procps/powertop.c: In function ‘read_cstate_counts’:
procps/powertop.c:181:20: warning: ‘%s’ directive writing up to 255 bytes into a region of size 171 [-Wformat-overflow=]
  181 |   sprintf(buf, "%s/%s/power", "/proc/acpi/processor", d->d_name);
      |                    ^~
procps/powertop.c:181:3: note: ‘sprintf’ output between 28 and 283 bytes into a destination of size 192
  181 |   sprintf(buf, "%s/%s/power", "/proc/acpi/processor", d->d_name);
      |   ^~~~~~~~~~~~~~~~~~~~~~~~~~~~~~~~~~~~~~~~~~~~~~~~~~~~~~~~~~~~~~
miscutils/i2c_tools.c: In function ‘list_i2c_busses_and_exit’:
miscutils/i2c_tools.c:1152:32: warning: ‘%s’ directive output may be truncated writing up to 255 bytes into a region of size 236 [-Wformat-truncation=]
 1152 |   snprintf(path, NAME_MAX, "%s/%s/name",
      |                                ^~
miscutils/i2c_tools.c:1152:3: note: ‘snprintf’ output between 25 and 280 bytes into a destination of size 255
 1152 |   snprintf(path, NAME_MAX, "%s/%s/name",
      |   ^~~~~~~~~~~~~~~~~~~~~~~~~~~~~~~~~~~~~~
 1153 |     i2cdev_path, de->d_name);
      |     ~~~~~~~~~~~~~~~~~~~~~~~~
miscutils/i2c_tools.c:1157:10: warning: ‘%s’ directive output may be truncated writing up to 255 bytes into a region of size 236 [-Wformat-truncation=]
 1157 |      "%s/%s/device/name",
      |          ^~
miscutils/i2c_tools.c:1156:4: note: ‘snprintf’ output between 32 and 287 bytes into a destination of size 255
 1156 |    snprintf(path, NAME_MAX,
      |    ^~~~~~~~~~~~~~~~~~~~~~~~
 1157 |      "%s/%s/device/name",
      |      ~~~~~~~~~~~~~~~~~~~~
 1158 |      i2cdev_path, de->d_name);
      |      ~~~~~~~~~~~~~~~~~~~~~~~~
miscutils/i2c_tools.c:1165:10: warning: ‘%s’ directive output may be truncated writing up to 255 bytes into a region of size 236 [-Wformat-truncation=]
 1165 |      "%s/%s/device/name",
      |          ^~
miscutils/i2c_tools.c:1164:4: note: ‘snprintf’ output between 32 and 287 bytes into a destination of size 255
 1164 |    snprintf(path, NAME_MAX,
      |    ^~~~~~~~~~~~~~~~~~~~~~~~
 1165 |      "%s/%s/device/name",
      |      ~~~~~~~~~~~~~~~~~~~~
 1166 |      i2cdev_path, de->d_name);
      |      ~~~~~~~~~~~~~~~~~~~~~~~~
miscutils/i2c_tools.c:1177:12: warning: ‘%s’ directive output may be truncated writing up to 255 bytes into a region of size 236 [-Wformat-truncation=]
 1177 |        "%s/%s/device/%s/name",
      |            ^~
miscutils/i2c_tools.c:1176:6: note: ‘snprintf’ output between 33 and 543 bytes into a destination of size 255
 1176 |      snprintf(path, NAME_MAX,
      |      ^~~~~~~~~~~~~~~~~~~~~~~~
 1177 |        "%s/%s/device/%s/name",
      |        ~~~~~~~~~~~~~~~~~~~~~~~
 1178 |        i2cdev_path, de->d_name,
      |        ~~~~~~~~~~~~~~~~~~~~~~~~
 1179 |        subde->d_name);
      |        ~~~~~~~~~~~~~~
sysklogd/syslogd_and_logger.c:53:45: warning: initialization discards ‘const’ qualifier from pointer target type [-Wdiscarded-qualifiers]
   53 | static const CODE *const bb_prioritynames = prioritynames;
      |                                             ^~~~~~~~~~~~~
sysklogd/syslogd_and_logger.c:53:45: warning: initialization discards ‘const’ qualifier from pointer target type [-Wdiscarded-qualifiers]
sysklogd/syslogd_and_logger.c:53:45: warning: initialization discards ‘const’ qualifier from pointer target type [-Wdiscarded-qualifiers]
sysklogd/syslogd_and_logger.c:53:45: warning: initialization discards ‘const’ qualifier from pointer target type [-Wdiscarded-qualifiers]
sysklogd/syslogd_and_logger.c:53:45: warning: initialization discards ‘const’ qualifier from pointer target type [-Wdiscarded-qualifiers]
sysklogd/syslogd_and_logger.c:53:45: warning: initialization discards ‘const’ qualifier from pointer target type [-Wdiscarded-qualifiers]
sysklogd/syslogd_and_logger.c:53:45: warning: initialization discards ‘const’ qualifier from pointer target type [-Wdiscarded-qualifiers]
sysklogd/syslogd_and_logger.c:53:45: warning: initialization discards ‘const’ qualifier from pointer target type [-Wdiscarded-qualifiers]
sysklogd/syslogd_and_logger.c:53:45: warning: initialization discards ‘const’ qualifier from pointer target type [-Wdiscarded-qualifiers]
sysklogd/syslogd_and_logger.c:53:45: warning: initialization discards ‘const’ qualifier from pointer target type [-Wdiscarded-qualifiers]
sysklogd/syslogd_and_logger.c:53:45: warning: initialization discards ‘const’ qualifier from pointer target type [-Wdiscarded-qualifiers]
sysklogd/syslogd_and_logger.c:53:45: warning: initialization discards ‘const’ qualifier from pointer target type [-Wdiscarded-qualifiers]
sysklogd/syslogd_and_logger.c:54:45: warning: initialization discards ‘const’ qualifier from pointer target type [-Wdiscarded-qualifiers]
   54 | static const CODE *const bb_facilitynames = facilitynames;
      |                                             ^~~~~~~~~~~~~
sysklogd/syslogd_and_logger.c:54:45: warning: initialization discards ‘const’ qualifier from pointer target type [-Wdiscarded-qualifiers]
sysklogd/syslogd_and_logger.c:54:45: warning: initialization discards ‘const’ qualifier from pointer target type [-Wdiscarded-qualifiers]
sysklogd/syslogd_and_logger.c:54:45: warning: initialization discards ‘const’ qualifier from pointer target type [-Wdiscarded-qualifiers]
sysklogd/syslogd_and_logger.c:54:45: warning: initialization discards ‘const’ qualifier from pointer target type [-Wdiscarded-qualifiers]
sysklogd/syslogd_and_logger.c:54:45: warning: initialization discards ‘const’ qualifier from pointer target type [-Wdiscarded-qualifiers]
sysklogd/syslogd_and_logger.c:54:45: warning: initialization discards ‘const’ qualifier from pointer target type [-Wdiscarded-qualifiers]
sysklogd/syslogd_and_logger.c:54:45: warning: initialization discards ‘const’ qualifier from pointer target type [-Wdiscarded-qualifiers]
sysklogd/syslogd_and_logger.c:54:45: warning: initialization discards ‘const’ qualifier from pointer target type [-Wdiscarded-qualifiers]
sysklogd/syslogd_and_logger.c:54:45: warning: initialization discards ‘const’ qualifier from pointer target type [-Wdiscarded-qualifiers]
sysklogd/syslogd_and_logger.c:54:45: warning: initialization discards ‘const’ qualifier from pointer target type [-Wdiscarded-qualifiers]
sysklogd/syslogd_and_logger.c:54:45: warning: initialization discards ‘const’ qualifier from pointer target type [-Wdiscarded-qualifiers]
sysklogd/syslogd_and_logger.c:54:45: warning: initialization discards ‘const’ qualifier from pointer target type [-Wdiscarded-qualifiers]
sysklogd/syslogd_and_logger.c:54:45: warning: initialization discards ‘const’ qualifier from pointer target type [-Wdiscarded-qualifiers]
sysklogd/syslogd_and_logger.c:54:45: warning: initialization discards ‘const’ qualifier from pointer target type [-Wdiscarded-qualifiers]
sysklogd/syslogd_and_logger.c:54:45: warning: initialization discards ‘const’ qualifier from pointer target type [-Wdiscarded-qualifiers]
sysklogd/syslogd_and_logger.c:54:45: warning: initialization discards ‘const’ qualifier from pointer target type [-Wdiscarded-qualifiers]
sysklogd/syslogd_and_logger.c:54:45: warning: initialization discards ‘const’ qualifier from pointer target type [-Wdiscarded-qualifiers]
sysklogd/syslogd_and_logger.c:54:45: warning: initialization discards ‘const’ qualifier from pointer target type [-Wdiscarded-qualifiers]
sysklogd/syslogd_and_logger.c:54:45: warning: initialization discards ‘const’ qualifier from pointer target type [-Wdiscarded-qualifiers]
sysklogd/syslogd_and_logger.c:54:45: warning: initialization discards ‘const’ qualifier from pointer target type [-Wdiscarded-qualifiers]
sysklogd/syslogd_and_logger.c:54:45: warning: initialization discards ‘const’ qualifier from pointer target type [-Wdiscarded-qualifiers]
Trying libraries: crypt m resolv rt
 Library crypt is not needed, excluding it
 Library m is not needed, excluding it
 Library resolv is not needed, excluding it
 Library rt is not needed, excluding it
Final link with: <none>
==> assemble rootfs
miscutils/i2c_tools.c: In function ‘list_i2c_busses_and_exit’:
miscutils/i2c_tools.c:1152:32: warning: ‘%s’ directive output may be truncated writing up to 255 bytes into a region of size 236 [-Wformat-truncation=]
 1152 |   snprintf(path, NAME_MAX, "%s/%s/name",
      |                                ^~
miscutils/i2c_tools.c:1152:3: note: ‘snprintf’ output between 25 and 280 bytes into a destination of size 255
 1152 |   snprintf(path, NAME_MAX, "%s/%s/name",
      |   ^~~~~~~~~~~~~~~~~~~~~~~~~~~~~~~~~~~~~~
 1153 |     i2cdev_path, de->d_name);
      |     ~~~~~~~~~~~~~~~~~~~~~~~~
miscutils/i2c_tools.c:1157:10: warning: ‘%s’ directive output may be truncated writing up to 255 bytes into a region of size 236 [-Wformat-truncation=]
 1157 |      "%s/%s/device/name",
      |          ^~
miscutils/i2c_tools.c:1156:4: note: ‘snprintf’ output between 32 and 287 bytes into a destination of size 255
 1156 |    snprintf(path, NAME_MAX,
      |    ^~~~~~~~~~~~~~~~~~~~~~~~
 1157 |      "%s/%s/device/name",
      |      ~~~~~~~~~~~~~~~~~~~~
 1158 |      i2cdev_path, de->d_name);
      |      ~~~~~~~~~~~~~~~~~~~~~~~~
miscutils/i2c_tools.c:1165:10: warning: ‘%s’ directive output may be truncated writing up to 255 bytes into a region of size 236 [-Wformat-truncation=]
 1165 |      "%s/%s/device/name",
      |          ^~
miscutils/i2c_tools.c:1164:4: note: ‘snprintf’ output between 32 and 287 bytes into a destination of size 255
 1164 |    snprintf(path, NAME_MAX,
      |    ^~~~~~~~~~~~~~~~~~~~~~~~
 1165 |      "%s/%s/device/name",
      |      ~~~~~~~~~~~~~~~~~~~~
 1166 |      i2cdev_path, de->d_name);
      |      ~~~~~~~~~~~~~~~~~~~~~~~~
miscutils/i2c_tools.c:1177:12: warning: ‘%s’ directive output may be truncated writing up to 255 bytes into a region of size 236 [-Wformat-truncation=]
 1177 |        "%s/%s/device/%s/name",
      |            ^~
miscutils/i2c_tools.c:1176:6: note: ‘snprintf’ output between 33 and 543 bytes into a destination of size 255
 1176 |      snprintf(path, NAME_MAX,
      |      ^~~~~~~~~~~~~~~~~~~~~~~~
 1177 |        "%s/%s/device/%s/name",
      |        ~~~~~~~~~~~~~~~~~~~~~~~
 1178 |        i2cdev_path, de->d_name,
      |        ~~~~~~~~~~~~~~~~~~~~~~~~
 1179 |        subde->d_name);
      |        ~~~~~~~~~~~~~~
modutils/modutils.c: In function ‘filename2modname’:
cc1: warning: function may return address of local variable [-Wreturn-local-addr]
modutils/modutils.c:94:7: note: declared here
   94 |  char local_modname[MODULE_NAME_LEN];
      |       ^~~~~~~~~~~~~
procps/powertop.c: In function ‘read_cstate_counts’:
procps/powertop.c:181:20: warning: ‘%s’ directive writing up to 255 bytes into a region of size 171 [-Wformat-overflow=]
  181 |   sprintf(buf, "%s/%s/power", "/proc/acpi/processor", d->d_name);
      |                    ^~
procps/powertop.c:181:3: note: ‘sprintf’ output between 28 and 283 bytes into a destination of size 192
  181 |   sprintf(buf, "%s/%s/power", "/proc/acpi/processor", d->d_name);
      |   ^~~~~~~~~~~~~~~~~~~~~~~~~~~~~~~~~~~~~~~~~~~~~~~~~~~~~~~~~~~~~~
sysklogd/syslogd_and_logger.c:53:45: warning: initialization discards ‘const’ qualifier from pointer target type [-Wdiscarded-qualifiers]
   53 | static const CODE *const bb_prioritynames = prioritynames;
      |                                             ^~~~~~~~~~~~~
sysklogd/syslogd_and_logger.c:53:45: warning: initialization discards ‘const’ qualifier from pointer target type [-Wdiscarded-qualifiers]
sysklogd/syslogd_and_logger.c:53:45: warning: initialization discards ‘const’ qualifier from pointer target type [-Wdiscarded-qualifiers]
sysklogd/syslogd_and_logger.c:53:45: warning: initialization discards ‘const’ qualifier from pointer target type [-Wdiscarded-qualifiers]
sysklogd/syslogd_and_logger.c:53:45: warning: initialization discards ‘const’ qualifier from pointer target type [-Wdiscarded-qualifiers]
sysklogd/syslogd_and_logger.c:53:45: warning: initialization discards ‘const’ qualifier from pointer target type [-Wdiscarded-qualifiers]
sysklogd/syslogd_and_logger.c:53:45: warning: initialization discards ‘const’ qualifier from pointer target type [-Wdiscarded-qualifiers]
sysklogd/syslogd_and_logger.c:53:45: warning: initialization discards ‘const’ qualifier from pointer target type [-Wdiscarded-qualifiers]
sysklogd/syslogd_and_logger.c:53:45: warning: initialization discards ‘const’ qualifier from pointer target type [-Wdiscarded-qualifiers]
sysklogd/syslogd_and_logger.c:53:45: warning: initialization discards ‘const’ qualifier from pointer target type [-Wdiscarded-qualifiers]
sysklogd/syslogd_and_logger.c:53:45: warning: initialization discards ‘const’ qualifier from pointer target type [-Wdiscarded-qualifiers]
sysklogd/syslogd_and_logger.c:53:45: warning: initialization discards ‘const’ qualifier from pointer target type [-Wdiscarded-qualifiers]
sysklogd/syslogd_and_logger.c:54:45: warning: initialization discards ‘const’ qualifier from pointer target type [-Wdiscarded-qualifiers]
   54 | static const CODE *const bb_facilitynames = facilitynames;
      |                                             ^~~~~~~~~~~~~
sysklogd/syslogd_and_logger.c:54:45: warning: initialization discards ‘const’ qualifier from pointer target type [-Wdiscarded-qualifiers]
sysklogd/syslogd_and_logger.c:54:45: warning: initialization discards ‘const’ qualifier from pointer target type [-Wdiscarded-qualifiers]
sysklogd/syslogd_and_logger.c:54:45: warning: initialization discards ‘const’ qualifier from pointer target type [-Wdiscarded-qualifiers]
sysklogd/syslogd_and_logger.c:54:45: warning: initialization discards ‘const’ qualifier from pointer target type [-Wdiscarded-qualifiers]
sysklogd/syslogd_and_logger.c:54:45: warning: initialization discards ‘const’ qualifier from pointer target type [-Wdiscarded-qualifiers]
sysklogd/syslogd_and_logger.c:54:45: warning: initialization discards ‘const’ qualifier from pointer target type [-Wdiscarded-qualifiers]
sysklogd/syslogd_and_logger.c:54:45: warning: initialization discards ‘const’ qualifier from pointer target type [-Wdiscarded-qualifiers]
sysklogd/syslogd_and_logger.c:54:45: warning: initialization discards ‘const’ qualifier from pointer target type [-Wdiscarded-qualifiers]
sysklogd/syslogd_and_logger.c:54:45: warning: initialization discards ‘const’ qualifier from pointer target type [-Wdiscarded-qualifiers]
sysklogd/syslogd_and_logger.c:54:45: warning: initialization discards ‘const’ qualifier from pointer target type [-Wdiscarded-qualifiers]
sysklogd/syslogd_and_logger.c:54:45: warning: initialization discards ‘const’ qualifier from pointer target type [-Wdiscarded-qualifiers]
sysklogd/syslogd_and_logger.c:54:45: warning: initialization discards ‘const’ qualifier from pointer target type [-Wdiscarded-qualifiers]
sysklogd/syslogd_and_logger.c:54:45: warning: initialization discards ‘const’ qualifier from pointer target type [-Wdiscarded-qualifiers]
sysklogd/syslogd_and_logger.c:54:45: warning: initialization discards ‘const’ qualifier from pointer target type [-Wdiscarded-qualifiers]
sysklogd/syslogd_and_logger.c:54:45: warning: initialization discards ‘const’ qualifier from pointer target type [-Wdiscarded-qualifiers]
sysklogd/syslogd_and_logger.c:54:45: warning: initialization discards ‘const’ qualifier from pointer target type [-Wdiscarded-qualifiers]
sysklogd/syslogd_and_logger.c:54:45: warning: initialization discards ‘const’ qualifier from pointer target type [-Wdiscarded-qualifiers]
sysklogd/syslogd_and_logger.c:54:45: warning: initialization discards ‘const’ qualifier from pointer target type [-Wdiscarded-qualifiers]
sysklogd/syslogd_and_logger.c:54:45: warning: initialization discards ‘const’ qualifier from pointer target type [-Wdiscarded-qualifiers]
sysklogd/syslogd_and_logger.c:54:45: warning: initialization discards ‘const’ qualifier from pointer target type [-Wdiscarded-qualifiers]
sysklogd/syslogd_and_logger.c:54:45: warning: initialization discards ‘const’ qualifier from pointer target type [-Wdiscarded-qualifiers]
Trying libraries: crypt m resolv rt
 Library crypt is not needed, excluding it
 Library m is not needed, excluding it
 Library resolv is not needed, excluding it
 Library rt is not needed, excluding it
Final link with: <none>
  /root/retro-rv64-linux/rootfs//bin/arch -> busybox
  /root/retro-rv64-linux/rootfs//bin/ash -> busybox
  /root/retro-rv64-linux/rootfs//bin/base32 -> busybox
  /root/retro-rv64-linux/rootfs//bin/base64 -> busybox
  /root/retro-rv64-linux/rootfs//bin/cat -> busybox
  /root/retro-rv64-linux/rootfs//bin/chattr -> busybox
  /root/retro-rv64-linux/rootfs//bin/chgrp -> busybox
  /root/retro-rv64-linux/rootfs//bin/chmod -> busybox
  /root/retro-rv64-linux/rootfs//bin/chown -> busybox
  /root/retro-rv64-linux/rootfs//bin/conspy -> busybox
  /root/retro-rv64-linux/rootfs//bin/cp -> busybox
  /root/retro-rv64-linux/rootfs//bin/cpio -> busybox
  /root/retro-rv64-linux/rootfs//bin/cttyhack -> busybox
  /root/retro-rv64-linux/rootfs//bin/date -> busybox
  /root/retro-rv64-linux/rootfs//bin/dd -> busybox
  /root/retro-rv64-linux/rootfs//bin/df -> busybox
  /root/retro-rv64-linux/rootfs//bin/dmesg -> busybox
  /root/retro-rv64-linux/rootfs//bin/dnsdomainname -> busybox
  /root/retro-rv64-linux/rootfs//bin/dumpkmap -> busybox
  /root/retro-rv64-linux/rootfs//bin/echo -> busybox
  /root/retro-rv64-linux/rootfs//bin/ed -> busybox
  /root/retro-rv64-linux/rootfs//bin/egrep -> busybox
  /root/retro-rv64-linux/rootfs//bin/false -> busybox
  /root/retro-rv64-linux/rootfs//bin/fatattr -> busybox
  /root/retro-rv64-linux/rootfs//bin/fdflush -> busybox
  /root/retro-rv64-linux/rootfs//bin/fgrep -> busybox
  /root/retro-rv64-linux/rootfs//bin/fsync -> busybox
  /root/retro-rv64-linux/rootfs//bin/getopt -> busybox
  /root/retro-rv64-linux/rootfs//bin/grep -> busybox
  /root/retro-rv64-linux/rootfs//bin/gunzip -> busybox
  /root/retro-rv64-linux/rootfs//bin/gzip -> busybox
  /root/retro-rv64-linux/rootfs//bin/hostname -> busybox
  /root/retro-rv64-linux/rootfs//bin/hush -> busybox
  /root/retro-rv64-linux/rootfs//bin/ionice -> busybox
  /root/retro-rv64-linux/rootfs//bin/iostat -> busybox
  /root/retro-rv64-linux/rootfs//bin/ipcalc -> busybox
  /root/retro-rv64-linux/rootfs//bin/kbd_mode -> busybox
  /root/retro-rv64-linux/rootfs//bin/kill -> busybox
  /root/retro-rv64-linux/rootfs//bin/link -> busybox
  /root/retro-rv64-linux/rootfs//bin/linux32 -> busybox
  /root/retro-rv64-linux/rootfs//bin/linux64 -> busybox
  /root/retro-rv64-linux/rootfs//bin/ln -> busybox
  /root/retro-rv64-linux/rootfs//bin/login -> busybox
  /root/retro-rv64-linux/rootfs//bin/ls -> busybox
  /root/retro-rv64-linux/rootfs//bin/lsattr -> busybox
  /root/retro-rv64-linux/rootfs//bin/lzop -> busybox
  /root/retro-rv64-linux/rootfs//bin/makemime -> busybox
  /root/retro-rv64-linux/rootfs//bin/mkdir -> busybox
  /root/retro-rv64-linux/rootfs//bin/mknod -> busybox
  /root/retro-rv64-linux/rootfs//bin/mktemp -> busybox
  /root/retro-rv64-linux/rootfs//bin/more -> busybox
  /root/retro-rv64-linux/rootfs//bin/mount -> busybox
  /root/retro-rv64-linux/rootfs//bin/mountpoint -> busybox
  /root/retro-rv64-linux/rootfs//bin/mpstat -> busybox
  /root/retro-rv64-linux/rootfs//bin/mt -> busybox
  /root/retro-rv64-linux/rootfs//bin/mv -> busybox
  /root/retro-rv64-linux/rootfs//bin/netstat -> busybox
  /root/retro-rv64-linux/rootfs//bin/nice -> busybox
  /root/retro-rv64-linux/rootfs//bin/pidof -> busybox
  /root/retro-rv64-linux/rootfs//bin/ping -> busybox
  /root/retro-rv64-linux/rootfs//bin/ping6 -> busybox
  /root/retro-rv64-linux/rootfs//bin/pipe_progress -> busybox
  /root/retro-rv64-linux/rootfs//bin/printenv -> busybox
  /root/retro-rv64-linux/rootfs//bin/ps -> busybox
  /root/retro-rv64-linux/rootfs//bin/pwd -> busybox
  /root/retro-rv64-linux/rootfs//bin/reformime -> busybox
  /root/retro-rv64-linux/rootfs//bin/resume -> busybox
  /root/retro-rv64-linux/rootfs//bin/rev -> busybox
  /root/retro-rv64-linux/rootfs//bin/rm -> busybox
  /root/retro-rv64-linux/rootfs//bin/rmdir -> busybox
  /root/retro-rv64-linux/rootfs//bin/rpm -> busybox
  /root/retro-rv64-linux/rootfs//bin/run-parts -> busybox
  /root/retro-rv64-linux/rootfs//bin/scriptreplay -> busybox
  /root/retro-rv64-linux/rootfs//bin/sed -> busybox
  /root/retro-rv64-linux/rootfs//bin/setarch -> busybox
  /root/retro-rv64-linux/rootfs//bin/setpriv -> busybox
  /root/retro-rv64-linux/rootfs//bin/setserial -> busybox
  /root/retro-rv64-linux/rootfs//bin/sh -> busybox
  /root/retro-rv64-linux/rootfs//bin/sleep -> busybox
  /root/retro-rv64-linux/rootfs//bin/stat -> busybox
  /root/retro-rv64-linux/rootfs//bin/stty -> busybox
  /root/retro-rv64-linux/rootfs//bin/su -> busybox
  /root/retro-rv64-linux/rootfs//bin/sync -> busybox
  /root/retro-rv64-linux/rootfs//bin/tar -> busybox
  /root/retro-rv64-linux/rootfs//bin/touch -> busybox
  /root/retro-rv64-linux/rootfs//bin/true -> busybox
  /root/retro-rv64-linux/rootfs//bin/umount -> busybox
  /root/retro-rv64-linux/rootfs//bin/uname -> busybox
  /root/retro-rv64-linux/rootfs//bin/usleep -> busybox
  /root/retro-rv64-linux/rootfs//bin/vi -> busybox
  /root/retro-rv64-linux/rootfs//bin/watch -> busybox
  /root/retro-rv64-linux/rootfs//bin/zcat -> busybox
  /root/retro-rv64-linux/rootfs//linuxrc -> bin/busybox
  /root/retro-rv64-linux/rootfs//sbin/acpid -> ../bin/busybox
  /root/retro-rv64-linux/rootfs//sbin/adjtimex -> ../bin/busybox
  /root/retro-rv64-linux/rootfs//sbin/arp -> ../bin/busybox
  /root/retro-rv64-linux/rootfs//sbin/blkid -> ../bin/busybox
  /root/retro-rv64-linux/rootfs//sbin/blockdev -> ../bin/busybox
  /root/retro-rv64-linux/rootfs//sbin/bootchartd -> ../bin/busybox
  /root/retro-rv64-linux/rootfs//sbin/depmod -> ../bin/busybox
  /root/retro-rv64-linux/rootfs//sbin/devmem -> ../bin/busybox
  /root/retro-rv64-linux/rootfs//sbin/fbsplash -> ../bin/busybox
  /root/retro-rv64-linux/rootfs//sbin/fdisk -> ../bin/busybox
  /root/retro-rv64-linux/rootfs//sbin/findfs -> ../bin/busybox
  /root/retro-rv64-linux/rootfs//sbin/freeramdisk -> ../bin/busybox
  /root/retro-rv64-linux/rootfs//sbin/fsck -> ../bin/busybox
  /root/retro-rv64-linux/rootfs//sbin/fsck.minix -> ../bin/busybox
  /root/retro-rv64-linux/rootfs//sbin/fstrim -> ../bin/busybox
  /root/retro-rv64-linux/rootfs//sbin/getty -> ../bin/busybox
  /root/retro-rv64-linux/rootfs//sbin/halt -> ../bin/busybox
  /root/retro-rv64-linux/rootfs//sbin/hdparm -> ../bin/busybox
  /root/retro-rv64-linux/rootfs//sbin/hwclock -> ../bin/busybox
  /root/retro-rv64-linux/rootfs//sbin/ifconfig -> ../bin/busybox
  /root/retro-rv64-linux/rootfs//sbin/ifdown -> ../bin/busybox
  /root/retro-rv64-linux/rootfs//sbin/ifenslave -> ../bin/busybox
  /root/retro-rv64-linux/rootfs//sbin/ifup -> ../bin/busybox
  /root/retro-rv64-linux/rootfs//sbin/init -> ../bin/busybox
  /root/retro-rv64-linux/rootfs//sbin/insmod -> ../bin/busybox
  /root/retro-rv64-linux/rootfs//sbin/ip -> ../bin/busybox
  /root/retro-rv64-linux/rootfs//sbin/ipaddr -> ../bin/busybox
  /root/retro-rv64-linux/rootfs//sbin/iplink -> ../bin/busybox
  /root/retro-rv64-linux/rootfs//sbin/ipneigh -> ../bin/busybox
  /root/retro-rv64-linux/rootfs//sbin/iproute -> ../bin/busybox
  /root/retro-rv64-linux/rootfs//sbin/iprule -> ../bin/busybox
  /root/retro-rv64-linux/rootfs//sbin/iptunnel -> ../bin/busybox
  /root/retro-rv64-linux/rootfs//sbin/klogd -> ../bin/busybox
  /root/retro-rv64-linux/rootfs//sbin/loadkmap -> ../bin/busybox
  /root/retro-rv64-linux/rootfs//sbin/logread -> ../bin/busybox
  /root/retro-rv64-linux/rootfs//sbin/losetup -> ../bin/busybox
  /root/retro-rv64-linux/rootfs//sbin/lsmod -> ../bin/busybox
  /root/retro-rv64-linux/rootfs//sbin/makedevs -> ../bin/busybox
  /root/retro-rv64-linux/rootfs//sbin/mdev -> ../bin/busybox
  /root/retro-rv64-linux/rootfs//sbin/mkdosfs -> ../bin/busybox
  /root/retro-rv64-linux/rootfs//sbin/mke2fs -> ../bin/busybox
  /root/retro-rv64-linux/rootfs//sbin/mkfs.ext2 -> ../bin/busybox
  /root/retro-rv64-linux/rootfs//sbin/mkfs.minix -> ../bin/busybox
  /root/retro-rv64-linux/rootfs//sbin/mkfs.vfat -> ../bin/busybox
  /root/retro-rv64-linux/rootfs//sbin/mkswap -> ../bin/busybox
  /root/retro-rv64-linux/rootfs//sbin/modinfo -> ../bin/busybox
  /root/retro-rv64-linux/rootfs//sbin/modprobe -> ../bin/busybox
  /root/retro-rv64-linux/rootfs//sbin/nameif -> ../bin/busybox
  /root/retro-rv64-linux/rootfs//sbin/pivot_root -> ../bin/busybox
  /root/retro-rv64-linux/rootfs//sbin/poweroff -> ../bin/busybox
  /root/retro-rv64-linux/rootfs//sbin/raidautorun -> ../bin/busybox
  /root/retro-rv64-linux/rootfs//sbin/reboot -> ../bin/busybox
  /root/retro-rv64-linux/rootfs//sbin/rmmod -> ../bin/busybox
  /root/retro-rv64-linux/rootfs//sbin/route -> ../bin/busybox
  /root/retro-rv64-linux/rootfs//sbin/run-init -> ../bin/busybox
  /root/retro-rv64-linux/rootfs//sbin/runlevel -> ../bin/busybox
  /root/retro-rv64-linux/rootfs//sbin/setconsole -> ../bin/busybox
  /root/retro-rv64-linux/rootfs//sbin/slattach -> ../bin/busybox
  /root/retro-rv64-linux/rootfs//sbin/start-stop-daemon -> ../bin/busybox
  /root/retro-rv64-linux/rootfs//sbin/sulogin -> ../bin/busybox
  /root/retro-rv64-linux/rootfs//sbin/swapoff -> ../bin/busybox
  /root/retro-rv64-linux/rootfs//sbin/swapon -> ../bin/busybox
  /root/retro-rv64-linux/rootfs//sbin/switch_root -> ../bin/busybox
  /root/retro-rv64-linux/rootfs//sbin/sysctl -> ../bin/busybox
  /root/retro-rv64-linux/rootfs//sbin/syslogd -> ../bin/busybox
  /root/retro-rv64-linux/rootfs//sbin/tc -> ../bin/busybox
  /root/retro-rv64-linux/rootfs//sbin/tunctl -> ../bin/busybox
  /root/retro-rv64-linux/rootfs//sbin/udhcpc -> ../bin/busybox
  /root/retro-rv64-linux/rootfs//sbin/uevent -> ../bin/busybox
  /root/retro-rv64-linux/rootfs//sbin/vconfig -> ../bin/busybox
  /root/retro-rv64-linux/rootfs//sbin/watchdog -> ../bin/busybox
  /root/retro-rv64-linux/rootfs//sbin/zcip -> ../bin/busybox
  /root/retro-rv64-linux/rootfs//usr/bin/[ -> ../../bin/busybox
  /root/retro-rv64-linux/rootfs//usr/bin/[[ -> ../../bin/busybox
  /root/retro-rv64-linux/rootfs//usr/bin/ascii -> ../../bin/busybox
  /root/retro-rv64-linux/rootfs//usr/bin/awk -> ../../bin/busybox
  /root/retro-rv64-linux/rootfs//usr/bin/basename -> ../../bin/busybox
  /root/retro-rv64-linux/rootfs//usr/bin/bc -> ../../bin/busybox
  /root/retro-rv64-linux/rootfs//usr/bin/beep -> ../../bin/busybox
  /root/retro-rv64-linux/rootfs//usr/bin/blkdiscard -> ../../bin/busybox
  /root/retro-rv64-linux/rootfs//usr/bin/bunzip2 -> ../../bin/busybox
  /root/retro-rv64-linux/rootfs//usr/bin/bzcat -> ../../bin/busybox
  /root/retro-rv64-linux/rootfs//usr/bin/bzip2 -> ../../bin/busybox
  /root/retro-rv64-linux/rootfs//usr/bin/cal -> ../../bin/busybox
  /root/retro-rv64-linux/rootfs//usr/bin/chpst -> ../../bin/busybox
  /root/retro-rv64-linux/rootfs//usr/bin/chrt -> ../../bin/busybox
  /root/retro-rv64-linux/rootfs//usr/bin/chvt -> ../../bin/busybox
  /root/retro-rv64-linux/rootfs//usr/bin/cksum -> ../../bin/busybox
  /root/retro-rv64-linux/rootfs//usr/bin/clear -> ../../bin/busybox
  /root/retro-rv64-linux/rootfs//usr/bin/cmp -> ../../bin/busybox
  /root/retro-rv64-linux/rootfs//usr/bin/comm -> ../../bin/busybox
  /root/retro-rv64-linux/rootfs//usr/bin/crc32 -> ../../bin/busybox
  /root/retro-rv64-linux/rootfs//usr/bin/crontab -> ../../bin/busybox
  /root/retro-rv64-linux/rootfs//usr/bin/cryptpw -> ../../bin/busybox
  /root/retro-rv64-linux/rootfs//usr/bin/cut -> ../../bin/busybox
  /root/retro-rv64-linux/rootfs//usr/bin/dc -> ../../bin/busybox
  /root/retro-rv64-linux/rootfs//usr/bin/deallocvt -> ../../bin/busybox
  /root/retro-rv64-linux/rootfs//usr/bin/diff -> ../../bin/busybox
  /root/retro-rv64-linux/rootfs//usr/bin/dirname -> ../../bin/busybox
  /root/retro-rv64-linux/rootfs//usr/bin/dos2unix -> ../../bin/busybox
  /root/retro-rv64-linux/rootfs//usr/bin/dpkg -> ../../bin/busybox
  /root/retro-rv64-linux/rootfs//usr/bin/dpkg-deb -> ../../bin/busybox
  /root/retro-rv64-linux/rootfs//usr/bin/du -> ../../bin/busybox
  /root/retro-rv64-linux/rootfs//usr/bin/dumpleases -> ../../bin/busybox
  /root/retro-rv64-linux/rootfs//usr/bin/eject -> ../../bin/busybox
  /root/retro-rv64-linux/rootfs//usr/bin/env -> ../../bin/busybox
  /root/retro-rv64-linux/rootfs//usr/bin/envdir -> ../../bin/busybox
  /root/retro-rv64-linux/rootfs//usr/bin/envuidgid -> ../../bin/busybox
  /root/retro-rv64-linux/rootfs//usr/bin/expand -> ../../bin/busybox
  /root/retro-rv64-linux/rootfs//usr/bin/expr -> ../../bin/busybox
  /root/retro-rv64-linux/rootfs//usr/bin/factor -> ../../bin/busybox
  /root/retro-rv64-linux/rootfs//usr/bin/fallocate -> ../../bin/busybox
  /root/retro-rv64-linux/rootfs//usr/bin/fgconsole -> ../../bin/busybox
  /root/retro-rv64-linux/rootfs//usr/bin/find -> ../../bin/busybox
  /root/retro-rv64-linux/rootfs//usr/bin/flock -> ../../bin/busybox
  /root/retro-rv64-linux/rootfs//usr/bin/fold -> ../../bin/busybox
  /root/retro-rv64-linux/rootfs//usr/bin/free -> ../../bin/busybox
  /root/retro-rv64-linux/rootfs//usr/bin/ftpget -> ../../bin/busybox
  /root/retro-rv64-linux/rootfs//usr/bin/ftpput -> ../../bin/busybox
  /root/retro-rv64-linux/rootfs//usr/bin/fuser -> ../../bin/busybox
  /root/retro-rv64-linux/rootfs//usr/bin/groups -> ../../bin/busybox
  /root/retro-rv64-linux/rootfs//usr/bin/hd -> ../../bin/busybox
  /root/retro-rv64-linux/rootfs//usr/bin/head -> ../../bin/busybox
  /root/retro-rv64-linux/rootfs//usr/bin/hexdump -> ../../bin/busybox
  /root/retro-rv64-linux/rootfs//usr/bin/hexedit -> ../../bin/busybox
  /root/retro-rv64-linux/rootfs//usr/bin/hostid -> ../../bin/busybox
  /root/retro-rv64-linux/rootfs//usr/bin/id -> ../../bin/busybox
  /root/retro-rv64-linux/rootfs//usr/bin/install -> ../../bin/busybox
  /root/retro-rv64-linux/rootfs//usr/bin/ipcrm -> ../../bin/busybox
  /root/retro-rv64-linux/rootfs//usr/bin/ipcs -> ../../bin/busybox
  /root/retro-rv64-linux/rootfs//usr/bin/killall -> ../../bin/busybox
  /root/retro-rv64-linux/rootfs//usr/bin/last -> ../../bin/busybox
  /root/retro-rv64-linux/rootfs//usr/bin/less -> ../../bin/busybox
  /root/retro-rv64-linux/rootfs//usr/bin/logger -> ../../bin/busybox
  /root/retro-rv64-linux/rootfs//usr/bin/logname -> ../../bin/busybox
  /root/retro-rv64-linux/rootfs//usr/bin/lpq -> ../../bin/busybox
  /root/retro-rv64-linux/rootfs//usr/bin/lpr -> ../../bin/busybox
  /root/retro-rv64-linux/rootfs//usr/bin/lsof -> ../../bin/busybox
  /root/retro-rv64-linux/rootfs//usr/bin/lspci -> ../../bin/busybox
  /root/retro-rv64-linux/rootfs//usr/bin/lsscsi -> ../../bin/busybox
  /root/retro-rv64-linux/rootfs//usr/bin/lsusb -> ../../bin/busybox
  /root/retro-rv64-linux/rootfs//usr/bin/lzcat -> ../../bin/busybox
  /root/retro-rv64-linux/rootfs//usr/bin/lzma -> ../../bin/busybox
  /root/retro-rv64-linux/rootfs//usr/bin/man -> ../../bin/busybox
  /root/retro-rv64-linux/rootfs//usr/bin/md5sum -> ../../bin/busybox
  /root/retro-rv64-linux/rootfs//usr/bin/mesg -> ../../bin/busybox
  /root/retro-rv64-linux/rootfs//usr/bin/microcom -> ../../bin/busybox
  /root/retro-rv64-linux/rootfs//usr/bin/mkfifo -> ../../bin/busybox
  /root/retro-rv64-linux/rootfs//usr/bin/mkpasswd -> ../../bin/busybox
  /root/retro-rv64-linux/rootfs//usr/bin/nc -> ../../bin/busybox
  /root/retro-rv64-linux/rootfs//usr/bin/nl -> ../../bin/busybox
  /root/retro-rv64-linux/rootfs//usr/bin/nmeter -> ../../bin/busybox
  /root/retro-rv64-linux/rootfs//usr/bin/nohup -> ../../bin/busybox
  /root/retro-rv64-linux/rootfs//usr/bin/nproc -> ../../bin/busybox
  /root/retro-rv64-linux/rootfs//usr/bin/nsenter -> ../../bin/busybox
  /root/retro-rv64-linux/rootfs//usr/bin/nslookup -> ../../bin/busybox
  /root/retro-rv64-linux/rootfs//usr/bin/od -> ../../bin/busybox
  /root/retro-rv64-linux/rootfs//usr/bin/openvt -> ../../bin/busybox
  /root/retro-rv64-linux/rootfs//usr/bin/passwd -> ../../bin/busybox
  /root/retro-rv64-linux/rootfs//usr/bin/paste -> ../../bin/busybox
  /root/retro-rv64-linux/rootfs//usr/bin/patch -> ../../bin/busybox
  /root/retro-rv64-linux/rootfs//usr/bin/pgrep -> ../../bin/busybox
  /root/retro-rv64-linux/rootfs//usr/bin/pkill -> ../../bin/busybox
  /root/retro-rv64-linux/rootfs//usr/bin/pmap -> ../../bin/busybox
  /root/retro-rv64-linux/rootfs//usr/bin/printf -> ../../bin/busybox
  /root/retro-rv64-linux/rootfs//usr/bin/pscan -> ../../bin/busybox
  /root/retro-rv64-linux/rootfs//usr/bin/pstree -> ../../bin/busybox
  /root/retro-rv64-linux/rootfs//usr/bin/pwdx -> ../../bin/busybox
  /root/retro-rv64-linux/rootfs//usr/bin/readlink -> ../../bin/busybox
  /root/retro-rv64-linux/rootfs//usr/bin/realpath -> ../../bin/busybox
  /root/retro-rv64-linux/rootfs//usr/bin/renice -> ../../bin/busybox
  /root/retro-rv64-linux/rootfs//usr/bin/reset -> ../../bin/busybox
  /root/retro-rv64-linux/rootfs//usr/bin/resize -> ../../bin/busybox
  /root/retro-rv64-linux/rootfs//usr/bin/rpm2cpio -> ../../bin/busybox
  /root/retro-rv64-linux/rootfs//usr/bin/runsv -> ../../bin/busybox
  /root/retro-rv64-linux/rootfs//usr/bin/runsvdir -> ../../bin/busybox
  /root/retro-rv64-linux/rootfs//usr/bin/rx -> ../../bin/busybox
  /root/retro-rv64-linux/rootfs//usr/bin/script -> ../../bin/busybox
  /root/retro-rv64-linux/rootfs//usr/bin/seq -> ../../bin/busybox
  /root/retro-rv64-linux/rootfs//usr/bin/setfattr -> ../../bin/busybox
  /root/retro-rv64-linux/rootfs//usr/bin/setkeycodes -> ../../bin/busybox
  /root/retro-rv64-linux/rootfs//usr/bin/setsid -> ../../bin/busybox
  /root/retro-rv64-linux/rootfs//usr/bin/setuidgid -> ../../bin/busybox
  /root/retro-rv64-linux/rootfs//usr/bin/sha1sum -> ../../bin/busybox
  /root/retro-rv64-linux/rootfs//usr/bin/sha256sum -> ../../bin/busybox
  /root/retro-rv64-linux/rootfs//usr/bin/sha3sum -> ../../bin/busybox
  /root/retro-rv64-linux/rootfs//usr/bin/sha512sum -> ../../bin/busybox
  /root/retro-rv64-linux/rootfs//usr/bin/showkey -> ../../bin/busybox
  /root/retro-rv64-linux/rootfs//usr/bin/shred -> ../../bin/busybox
  /root/retro-rv64-linux/rootfs//usr/bin/shuf -> ../../bin/busybox
  /root/retro-rv64-linux/rootfs//usr/bin/smemcap -> ../../bin/busybox
  /root/retro-rv64-linux/rootfs//usr/bin/softlimit -> ../../bin/busybox
  /root/retro-rv64-linux/rootfs//usr/bin/sort -> ../../bin/busybox
  /root/retro-rv64-linux/rootfs//usr/bin/split -> ../../bin/busybox
  /root/retro-rv64-linux/rootfs//usr/bin/ssl_client -> ../../bin/busybox
  /root/retro-rv64-linux/rootfs//usr/bin/strings -> ../../bin/busybox
  /root/retro-rv64-linux/rootfs//usr/bin/sum -> ../../bin/busybox
  /root/retro-rv64-linux/rootfs//usr/bin/sv -> ../../bin/busybox
  /root/retro-rv64-linux/rootfs//usr/bin/svc -> ../../bin/busybox
  /root/retro-rv64-linux/rootfs//usr/bin/svok -> ../../bin/busybox
  /root/retro-rv64-linux/rootfs//usr/bin/tac -> ../../bin/busybox
  /root/retro-rv64-linux/rootfs//usr/bin/tail -> ../../bin/busybox
  /root/retro-rv64-linux/rootfs//usr/bin/taskset -> ../../bin/busybox
  /root/retro-rv64-linux/rootfs//usr/bin/tcpsvd -> ../../bin/busybox
  /root/retro-rv64-linux/rootfs//usr/bin/tee -> ../../bin/busybox
  /root/retro-rv64-linux/rootfs//usr/bin/telnet -> ../../bin/busybox
  /root/retro-rv64-linux/rootfs//usr/bin/test -> ../../bin/busybox
  /root/retro-rv64-linux/rootfs//usr/bin/tftp -> ../../bin/busybox
  /root/retro-rv64-linux/rootfs//usr/bin/time -> ../../bin/busybox
  /root/retro-rv64-linux/rootfs//usr/bin/timeout -> ../../bin/busybox
  /root/retro-rv64-linux/rootfs//usr/bin/top -> ../../bin/busybox
  /root/retro-rv64-linux/rootfs//usr/bin/tr -> ../../bin/busybox
  /root/retro-rv64-linux/rootfs//usr/bin/traceroute -> ../../bin/busybox
  /root/retro-rv64-linux/rootfs//usr/bin/traceroute6 -> ../../bin/busybox
  /root/retro-rv64-linux/rootfs//usr/bin/tree -> ../../bin/busybox
  /root/retro-rv64-linux/rootfs//usr/bin/truncate -> ../../bin/busybox
  /root/retro-rv64-linux/rootfs//usr/bin/ts -> ../../bin/busybox
  /root/retro-rv64-linux/rootfs//usr/bin/tsort -> ../../bin/busybox
  /root/retro-rv64-linux/rootfs//usr/bin/tty -> ../../bin/busybox
  /root/retro-rv64-linux/rootfs//usr/bin/ttysize -> ../../bin/busybox
  /root/retro-rv64-linux/rootfs//usr/bin/udhcpc6 -> ../../bin/busybox
  /root/retro-rv64-linux/rootfs//usr/bin/udpsvd -> ../../bin/busybox
  /root/retro-rv64-linux/rootfs//usr/bin/unexpand -> ../../bin/busybox
  /root/retro-rv64-linux/rootfs//usr/bin/uniq -> ../../bin/busybox
  /root/retro-rv64-linux/rootfs//usr/bin/unix2dos -> ../../bin/busybox
  /root/retro-rv64-linux/rootfs//usr/bin/unlink -> ../../bin/busybox
  /root/retro-rv64-linux/rootfs//usr/bin/unlzma -> ../../bin/busybox
  /root/retro-rv64-linux/rootfs//usr/bin/unshare -> ../../bin/busybox
  /root/retro-rv64-linux/rootfs//usr/bin/unxz -> ../../bin/busybox
  /root/retro-rv64-linux/rootfs//usr/bin/unzip -> ../../bin/busybox
  /root/retro-rv64-linux/rootfs//usr/bin/uptime -> ../../bin/busybox
  /root/retro-rv64-linux/rootfs//usr/bin/users -> ../../bin/busybox
  /root/retro-rv64-linux/rootfs//usr/bin/uudecode -> ../../bin/busybox
  /root/retro-rv64-linux/rootfs//usr/bin/uuencode -> ../../bin/busybox
  /root/retro-rv64-linux/rootfs//usr/bin/vlock -> ../../bin/busybox
  /root/retro-rv64-linux/rootfs//usr/bin/volname -> ../../bin/busybox
  /root/retro-rv64-linux/rootfs//usr/bin/w -> ../../bin/busybox
  /root/retro-rv64-linux/rootfs//usr/bin/wall -> ../../bin/busybox
  /root/retro-rv64-linux/rootfs//usr/bin/wc -> ../../bin/busybox
  /root/retro-rv64-linux/rootfs//usr/bin/wget -> ../../bin/busybox
  /root/retro-rv64-linux/rootfs//usr/bin/which -> ../../bin/busybox
  /root/retro-rv64-linux/rootfs//usr/bin/who -> ../../bin/busybox
  /root/retro-rv64-linux/rootfs//usr/bin/whoami -> ../../bin/busybox
  /root/retro-rv64-linux/rootfs//usr/bin/whois -> ../../bin/busybox
  /root/retro-rv64-linux/rootfs//usr/bin/xargs -> ../../bin/busybox
  /root/retro-rv64-linux/rootfs//usr/bin/xxd -> ../../bin/busybox
  /root/retro-rv64-linux/rootfs//usr/bin/xz -> ../../bin/busybox
  /root/retro-rv64-linux/rootfs//usr/bin/xzcat -> ../../bin/busybox
  /root/retro-rv64-linux/rootfs//usr/bin/yes -> ../../bin/busybox
  /root/retro-rv64-linux/rootfs//usr/sbin/add-shell -> ../../bin/busybox
  /root/retro-rv64-linux/rootfs//usr/sbin/addgroup -> ../../bin/busybox
  /root/retro-rv64-linux/rootfs//usr/sbin/adduser -> ../../bin/busybox
  /root/retro-rv64-linux/rootfs//usr/sbin/arping -> ../../bin/busybox
  /root/retro-rv64-linux/rootfs//usr/sbin/brctl -> ../../bin/busybox
  /root/retro-rv64-linux/rootfs//usr/sbin/chat -> ../../bin/busybox
  /root/retro-rv64-linux/rootfs//usr/sbin/chpasswd -> ../../bin/busybox
  /root/retro-rv64-linux/rootfs//usr/sbin/chroot -> ../../bin/busybox
  /root/retro-rv64-linux/rootfs//usr/sbin/crond -> ../../bin/busybox
  /root/retro-rv64-linux/rootfs//usr/sbin/delgroup -> ../../bin/busybox
  /root/retro-rv64-linux/rootfs//usr/sbin/deluser -> ../../bin/busybox
  /root/retro-rv64-linux/rootfs//usr/sbin/dhcprelay -> ../../bin/busybox
  /root/retro-rv64-linux/rootfs//usr/sbin/dnsd -> ../../bin/busybox
  /root/retro-rv64-linux/rootfs//usr/sbin/ether-wake -> ../../bin/busybox
  /root/retro-rv64-linux/rootfs//usr/sbin/fakeidentd -> ../../bin/busybox
  /root/retro-rv64-linux/rootfs//usr/sbin/fbset -> ../../bin/busybox
  /root/retro-rv64-linux/rootfs//usr/sbin/fdformat -> ../../bin/busybox
  /root/retro-rv64-linux/rootfs//usr/sbin/fsfreeze -> ../../bin/busybox
  /root/retro-rv64-linux/rootfs//usr/sbin/ftpd -> ../../bin/busybox
  /root/retro-rv64-linux/rootfs//usr/sbin/httpd -> ../../bin/busybox
  /root/retro-rv64-linux/rootfs//usr/sbin/i2cdetect -> ../../bin/busybox
  /root/retro-rv64-linux/rootfs//usr/sbin/i2cdump -> ../../bin/busybox
  /root/retro-rv64-linux/rootfs//usr/sbin/i2cget -> ../../bin/busybox
  /root/retro-rv64-linux/rootfs//usr/sbin/i2cset -> ../../bin/busybox
  /root/retro-rv64-linux/rootfs//usr/sbin/i2ctransfer -> ../../bin/busybox
  /root/retro-rv64-linux/rootfs//usr/sbin/ifplugd -> ../../bin/busybox
  /root/retro-rv64-linux/rootfs//usr/sbin/inetd -> ../../bin/busybox
  /root/retro-rv64-linux/rootfs//usr/sbin/killall5 -> ../../bin/busybox
  /root/retro-rv64-linux/rootfs//usr/sbin/loadfont -> ../../bin/busybox
  /root/retro-rv64-linux/rootfs//usr/sbin/lpd -> ../../bin/busybox
  /root/retro-rv64-linux/rootfs//usr/sbin/mim -> ../../bin/busybox
  /root/retro-rv64-linux/rootfs//usr/sbin/nanddump -> ../../bin/busybox
  /root/retro-rv64-linux/rootfs//usr/sbin/nandwrite -> ../../bin/busybox
  /root/retro-rv64-linux/rootfs//usr/sbin/nbd-client -> ../../bin/busybox
  /root/retro-rv64-linux/rootfs//usr/sbin/nologin -> ../../bin/busybox
  /root/retro-rv64-linux/rootfs//usr/sbin/ntpd -> ../../bin/busybox
  /root/retro-rv64-linux/rootfs//usr/sbin/partprobe -> ../../bin/busybox
  /root/retro-rv64-linux/rootfs//usr/sbin/popmaildir -> ../../bin/busybox
  /root/retro-rv64-linux/rootfs//usr/sbin/powertop -> ../../bin/busybox
  /root/retro-rv64-linux/rootfs//usr/sbin/rdate -> ../../bin/busybox
  /root/retro-rv64-linux/rootfs//usr/sbin/rdev -> ../../bin/busybox
  /root/retro-rv64-linux/rootfs//usr/sbin/readahead -> ../../bin/busybox
  /root/retro-rv64-linux/rootfs//usr/sbin/readprofile -> ../../bin/busybox
  /root/retro-rv64-linux/rootfs//usr/sbin/remove-shell -> ../../bin/busybox
  /root/retro-rv64-linux/rootfs//usr/sbin/rtcwake -> ../../bin/busybox
  /root/retro-rv64-linux/rootfs//usr/sbin/seedrng -> ../../bin/busybox
  /root/retro-rv64-linux/rootfs//usr/sbin/sendmail -> ../../bin/busybox
  /root/retro-rv64-linux/rootfs//usr/sbin/setfont -> ../../bin/busybox
  /root/retro-rv64-linux/rootfs//usr/sbin/setlogcons -> ../../bin/busybox
  /root/retro-rv64-linux/rootfs//usr/sbin/svlogd -> ../../bin/busybox
  /root/retro-rv64-linux/rootfs//usr/sbin/telnetd -> ../../bin/busybox
  /root/retro-rv64-linux/rootfs//usr/sbin/tftpd -> ../../bin/busybox
  /root/retro-rv64-linux/rootfs//usr/sbin/ubiattach -> ../../bin/busybox
  /root/retro-rv64-linux/rootfs//usr/sbin/ubidetach -> ../../bin/busybox
  /root/retro-rv64-linux/rootfs//usr/sbin/ubimkvol -> ../../bin/busybox
  /root/retro-rv64-linux/rootfs//usr/sbin/ubirename -> ../../bin/busybox
  /root/retro-rv64-linux/rootfs//usr/sbin/ubirmvol -> ../../bin/busybox
  /root/retro-rv64-linux/rootfs//usr/sbin/ubirsvol -> ../../bin/busybox
  /root/retro-rv64-linux/rootfs//usr/sbin/ubiupdatevol -> ../../bin/busybox
  /root/retro-rv64-linux/rootfs//usr/sbin/udhcpd -> ../../bin/busybox


--------------------------------------------------
You will probably need to make your busybox binary
setuid root to ensure all configured applets will
work properly.
--------------------------------------------------

==> pack initramfs (newc cpio, uncompressed — kernel will gzip if needed)
.
./tmp
./linuxrc
./root
./etc
./etc/passwd
./etc/shadow
./etc/inittab
./dev
./bin
./bin/zcat
./bin/fatattr
./bin/lzop
./bin/rm
./bin/more
./bin/egrep
./bin/ionice
./bin/sync
./bin/pidof
./bin/umount
./bin/iostat
./bin/netstat
./bin/reformime
./bin/df
./bin/hostname
./bin/resume
./bin/makemime
./bin/mktemp
./bin/ed
./bin/mkdir
./bin/setpriv
./bin/cat
./bin/ash
./bin/hush
./bin/true
./bin/busybox
./bin/printenv
./bin/pwd
./bin/gunzip
./bin/ln
./bin/watch
./bin/cpio
./bin/chattr
./bin/getopt
./bin/kill
./bin/ipcalc
./bin/rev
./bin/setarch
./bin/ls
./bin/grep
./bin/lsattr
./bin/mountpoint
./bin/dnsdomainname
./bin/pipe_progress
./bin/mt
./bin/fdflush
./bin/ps
./bin/tar
./bin/setserial
./bin/cttyhack
./bin/stty
./bin/fsync
./bin/arch
./bin/echo
./bin/rpm
./bin/stat
./bin/chmod
./bin/base32
./bin/mpstat
./bin/scriptreplay
./bin/sh
./bin/chgrp
./bin/mount
./bin/su
./bin/ping6
./bin/run-parts
./bin/base64
./bin/dmesg
./bin/mv
./bin/kbd_mode
./bin/ping
./bin/chown
./bin/dumpkmap
./bin/link
./bin/sleep
./bin/conspy
./bin/vi
./bin/sed
./bin/touch
./bin/usleep
./bin/fgrep
./bin/mknod
./bin/linux32
./bin/login
./bin/false
./bin/uname
./bin/cp
./bin/gzip
./bin/date
./bin/nice
./bin/dd
./bin/linux64
./bin/rmdir
./sys
./usr
./usr/bin
./usr/bin/sha256sum
./usr/bin/[
./usr/bin/beep
./usr/bin/install
./usr/bin/strings
./usr/bin/dc
./usr/bin/ssl_client
./usr/bin/traceroute
./usr/bin/telnet
./usr/bin/who
./usr/bin/traceroute6
./usr/bin/eject
./usr/bin/which
./usr/bin/mkfifo
./usr/bin/nsenter
./usr/bin/rpm2cpio
./usr/bin/tee
./usr/bin/fallocate
./usr/bin/find
./usr/bin/passwd
./usr/bin/bzcat
./usr/bin/wall
./usr/bin/rx
./usr/bin/softlimit
./usr/bin/users
./usr/bin/id
./usr/bin/wget
./usr/bin/pscan
./usr/bin/less
./usr/bin/microcom
./usr/bin/cut
./usr/bin/expand
./usr/bin/envuidgid
./usr/bin/sha3sum
./usr/bin/od
./usr/bin/ipcs
./usr/bin/xargs
./usr/bin/test
./usr/bin/setuidgid
./usr/bin/tac
./usr/bin/awk
./usr/bin/taskset
./usr/bin/chvt
./usr/bin/tty
./usr/bin/unlink
./usr/bin/dirname
./usr/bin/comm
./usr/bin/reset
./usr/bin/timeout
./usr/bin/cal
./usr/bin/bc
./usr/bin/lzma
./usr/bin/fuser
./usr/bin/setsid
./usr/bin/cksum
./usr/bin/time
./usr/bin/[[
./usr/bin/seq
./usr/bin/sort
./usr/bin/sum
./usr/bin/xxd
./usr/bin/unix2dos
./usr/bin/free
./usr/bin/pwdx
./usr/bin/unexpand
./usr/bin/fold
./usr/bin/logname
./usr/bin/mkpasswd
./usr/bin/readlink
./usr/bin/unzip
./usr/bin/resize
./usr/bin/ascii
./usr/bin/xz
./usr/bin/vlock
./usr/bin/bunzip2
./usr/bin/envdir
./usr/bin/uptime
./usr/bin/deallocvt
./usr/bin/uudecode
./usr/bin/logger
./usr/bin/chpst
./usr/bin/unshare
./usr/bin/runsv
./usr/bin/smemcap
./usr/bin/lpr
./usr/bin/realpath
./usr/bin/whois
./usr/bin/udpsvd
./usr/bin/setkeycodes
./usr/bin/tree
./usr/bin/unxz
./usr/bin/ts
./usr/bin/lpq
./usr/bin/paste
./usr/bin/nl
./usr/bin/showkey
./usr/bin/nslookup
./usr/bin/pkill
./usr/bin/dpkg-deb
./usr/bin/head
./usr/bin/yes
./usr/bin/uuencode
./usr/bin/hexdump
./usr/bin/killall
./usr/bin/pstree
./usr/bin/openvt
./usr/bin/hostid
./usr/bin/runsvdir
./usr/bin/flock
./usr/bin/renice
./usr/bin/script
./usr/bin/hd
./usr/bin/svc
./usr/bin/printf
./usr/bin/tsort
./usr/bin/basename
./usr/bin/lsof
./usr/bin/hexedit
./usr/bin/xzcat
./usr/bin/shred
./usr/bin/uniq
./usr/bin/expr
./usr/bin/lsscsi
./usr/bin/fgconsole
./usr/bin/chrt
./usr/bin/lsusb
./usr/bin/lspci
./usr/bin/nc
./usr/bin/crc32
./usr/bin/ftpget
./usr/bin/groups
./usr/bin/tcpsvd
./usr/bin/dumpleases
./usr/bin/diff
./usr/bin/mesg
./usr/bin/nohup
./usr/bin/env
./usr/bin/split
./usr/bin/blkdiscard
./usr/bin/crontab
./usr/bin/lzcat
./usr/bin/udhcpc6
./usr/bin/setfattr
./usr/bin/patch
./usr/bin/nproc
./usr/bin/truncate
./usr/bin/pmap
./usr/bin/du
./usr/bin/tail
./usr/bin/cryptpw
./usr/bin/pgrep
./usr/bin/sha1sum
./usr/bin/last
./usr/bin/md5sum
./usr/bin/man
./usr/bin/clear
./usr/bin/ttysize
./usr/bin/volname
./usr/bin/cmp
./usr/bin/dpkg
./usr/bin/factor
./usr/bin/bzip2
./usr/bin/wc
./usr/bin/nmeter
./usr/bin/sv
./usr/bin/unlzma
./usr/bin/tftp
./usr/bin/shuf
./usr/bin/w
./usr/bin/sha512sum
./usr/bin/tr
./usr/bin/dos2unix
./usr/bin/svok
./usr/bin/ftpput
./usr/bin/top
./usr/bin/ipcrm
./usr/bin/whoami
./usr/sbin
./usr/sbin/remove-shell
./usr/sbin/fbset
./usr/sbin/dhcprelay
./usr/sbin/ubirsvol
./usr/sbin/i2cget
./usr/sbin/readahead
./usr/sbin/inetd
./usr/sbin/killall5
./usr/sbin/fdformat
./usr/sbin/adduser
./usr/sbin/i2cdump
./usr/sbin/ubimkvol
./usr/sbin/telnetd
./usr/sbin/arping
./usr/sbin/i2cset
./usr/sbin/lpd
./usr/sbin/i2cdetect
./usr/sbin/ubirmvol
./usr/sbin/delgroup
./usr/sbin/add-shell
./usr/sbin/i2ctransfer
./usr/sbin/ubiattach
./usr/sbin/udhcpd
./usr/sbin/ubidetach
./usr/sbin/readprofile
./usr/sbin/nbd-client
./usr/sbin/svlogd
./usr/sbin/ifplugd
./usr/sbin/chpasswd
./usr/sbin/popmaildir
./usr/sbin/nandwrite
./usr/sbin/fakeidentd
./usr/sbin/ether-wake
./usr/sbin/tftpd
./usr/sbin/httpd
./usr/sbin/dnsd
./usr/sbin/rdev
./usr/sbin/addgroup
./usr/sbin/nanddump
./usr/sbin/chat
./usr/sbin/seedrng
./usr/sbin/ntpd
./usr/sbin/setfont
./usr/sbin/rdate
./usr/sbin/mim
./usr/sbin/brctl
./usr/sbin/loadfont
./usr/sbin/nologin
./usr/sbin/ubiupdatevol
./usr/sbin/rtcwake
./usr/sbin/sendmail
./usr/sbin/fsfreeze
./usr/sbin/ftpd
./usr/sbin/powertop
./usr/sbin/ubirename
./usr/sbin/chroot
./usr/sbin/deluser
./usr/sbin/crond
./usr/sbin/setlogcons
./usr/sbin/partprobe
./sbin
./sbin/hwclock
./sbin/pivot_root
./sbin/swapon
./sbin/mkswap
./sbin/syslogd
./sbin/klogd
./sbin/zcip
./sbin/watchdog
./sbin/ifdown
./sbin/modinfo
./sbin/ip
./sbin/fdisk
./sbin/mkdosfs
./sbin/tunctl
./sbin/iplink
./sbin/hdparm
./sbin/modprobe
./sbin/lsmod
./sbin/findfs
./sbin/mdev
./sbin/logread
./sbin/swapoff
./sbin/sulogin
./sbin/freeramdisk
./sbin/fsck
./sbin/depmod
./sbin/loadkmap
./sbin/slattach
./sbin/start-stop-daemon
./sbin/arp
./sbin/tc
./sbin/insmod
./sbin/mkfs.minix
./sbin/switch_root
./sbin/setconsole
./sbin/mkfs.vfat
./sbin/ifconfig
./sbin/iprule
./sbin/reboot
./sbin/makedevs
./sbin/blockdev
./sbin/adjtimex
./sbin/ipaddr
./sbin/mkfs.ext2
./sbin/fbsplash
./sbin/halt
./sbin/devmem
./sbin/poweroff
./sbin/iproute
./sbin/fsck.minix
./sbin/ipneigh
./sbin/uevent
./sbin/route
./sbin/runlevel
./sbin/ifup
./sbin/acpid
./sbin/iptunnel
./sbin/udhcpc
./sbin/rmmod
./sbin/mke2fs
./sbin/getty
./sbin/vconfig
./sbin/sysctl
./sbin/nameif
./sbin/blkid
./sbin/fstrim
./sbin/run-init
./sbin/ifenslave
./sbin/bootchartd
./sbin/losetup
./sbin/init
./sbin/raidautorun
./proc
./init
2867 blocks
==> Linux already at /root/retro-rv64-linux/linux
==> configure Linux (defconfig + fragment, no C)
make: Entering directory '/root/retro-rv64-linux/linux'
  HOSTCC  scripts/basic/fixdep
  HOSTCC  scripts/kconfig/conf.o
  HOSTCC  scripts/kconfig/confdata.o
  HOSTCC  scripts/kconfig/expr.o
  LEX     scripts/kconfig/lexer.lex.c
  YACC    scripts/kconfig/parser.tab.[ch]
  HOSTCC  scripts/kconfig/lexer.lex.o
  HOSTCC  scripts/kconfig/menu.o
  HOSTCC  scripts/kconfig/parser.tab.o
  HOSTCC  scripts/kconfig/preprocess.o
  HOSTCC  scripts/kconfig/symbol.o
  HOSTCC  scripts/kconfig/util.o
  HOSTLD  scripts/kconfig/conf
*** Default configuration is based on 'defconfig'
#
# configuration written to .config
#
make: Leaving directory '/root/retro-rv64-linux/linux'
Using /root/retro-rv64-linux/linux/.config as base
Merging /mnt/c/Users/Bobby/GitBackup/TI-83-Lua-Emulator/tools/riscv64-linux/linux.config.fragment
Value of CONFIG_RISCV_ISA_C is redefined by fragment /mnt/c/Users/Bobby/GitBackup/TI-83-Lua-Emulator/tools/riscv64-linux/linux.config.fragment:
Previous value: CONFIG_RISCV_ISA_C=y
New value: # CONFIG_RISCV_ISA_C is not set

Value of CONFIG_RISCV_SBI_V01 is redefined by fragment /mnt/c/Users/Bobby/GitBackup/TI-83-Lua-Emulator/tools/riscv64-linux/linux.config.fragment:
Previous value: # CONFIG_RISCV_SBI_V01 is not set
New value: CONFIG_RISCV_SBI_V01=y

Value of CONFIG_MODULES is redefined by fragment /mnt/c/Users/Bobby/GitBackup/TI-83-Lua-Emulator/tools/riscv64-linux/linux.config.fragment:
Previous value: CONFIG_MODULES=y
New value: # CONFIG_MODULES is not set

Value of CONFIG_VIRTUALIZATION is redefined by fragment /mnt/c/Users/Bobby/GitBackup/TI-83-Lua-Emulator/tools/riscv64-linux/linux.config.fragment:
Previous value: CONFIG_VIRTUALIZATION=y
New value: # CONFIG_VIRTUALIZATION is not set

Value of CONFIG_DRM is redefined by fragment /mnt/c/Users/Bobby/GitBackup/TI-83-Lua-Emulator/tools/riscv64-linux/linux.config.fragment:
Previous value: CONFIG_DRM=m
New value: # CONFIG_DRM is not set

Value of CONFIG_USB_SUPPORT is redefined by fragment /mnt/c/Users/Bobby/GitBackup/TI-83-Lua-Emulator/tools/riscv64-linux/linux.config.fragment:
Previous value: CONFIG_USB_SUPPORT=y
New value: # CONFIG_USB_SUPPORT is not set

Value of CONFIG_WIRELESS is redefined by fragment /mnt/c/Users/Bobby/GitBackup/TI-83-Lua-Emulator/tools/riscv64-linux/linux.config.fragment:
Previous value: CONFIG_WIRELESS=y
New value: # CONFIG_WIRELESS is not set

Value of CONFIG_WLAN is redefined by fragment /mnt/c/Users/Bobby/GitBackup/TI-83-Lua-Emulator/tools/riscv64-linux/linux.config.fragment:
Previous value: CONFIG_WLAN=y
New value: # CONFIG_WLAN is not set

Value of CONFIG_NETFILTER is redefined by fragment /mnt/c/Users/Bobby/GitBackup/TI-83-Lua-Emulator/tools/riscv64-linux/linux.config.fragment:
Previous value: CONFIG_NETFILTER=y
New value: # CONFIG_NETFILTER is not set

Value of CONFIG_BPF_SYSCALL is redefined by fragment /mnt/c/Users/Bobby/GitBackup/TI-83-Lua-Emulator/tools/riscv64-linux/linux.config.fragment:
Previous value: CONFIG_BPF_SYSCALL=y
New value: # CONFIG_BPF_SYSCALL is not set

#
# merged configuration written to /root/retro-rv64-linux/linux/.config (needs make)
#
make: Entering directory '/root/retro-rv64-linux/linux'
#
# configuration written to .config
#
make: Leaving directory '/root/retro-rv64-linux/linux'
make: Entering directory '/root/retro-rv64-linux/linux'
#
# configuration written to .config
#
make: Leaving directory '/root/retro-rv64-linux/linux'
    CONFIG_RISCV_ISA_C disabled OK
==> build Linux Image (this takes a while)
make: Entering directory '/root/retro-rv64-linux/linux'
  SYNC    include/config/auto.conf
  UPD     include/config/kernel.release
  WRAP    arch/riscv/include/generated/uapi/asm/errno.h
  WRAP    arch/riscv/include/generated/uapi/asm/ioctl.h
  WRAP    arch/riscv/include/generated/uapi/asm/ioctls.h
  WRAP    arch/riscv/include/generated/uapi/asm/fcntl.h
  WRAP    arch/riscv/include/generated/uapi/asm/mman.h
  WRAP    arch/riscv/include/generated/uapi/asm/ipcbuf.h
  WRAP    arch/riscv/include/generated/uapi/asm/msgbuf.h
  WRAP    arch/riscv/include/generated/uapi/asm/param.h
  WRAP    arch/riscv/include/generated/uapi/asm/poll.h
  WRAP    arch/riscv/include/generated/uapi/asm/posix_types.h
  WRAP    arch/riscv/include/generated/uapi/asm/sembuf.h
  WRAP    arch/riscv/include/generated/uapi/asm/resource.h
  WRAP    arch/riscv/include/generated/uapi/asm/shmbuf.h
  WRAP    arch/riscv/include/generated/uapi/asm/siginfo.h
  WRAP    arch/riscv/include/generated/uapi/asm/signal.h
  WRAP    arch/riscv/include/generated/uapi/asm/socket.h
  WRAP    arch/riscv/include/generated/uapi/asm/sockios.h
  WRAP    arch/riscv/include/generated/uapi/asm/stat.h
  WRAP    arch/riscv/include/generated/uapi/asm/statfs.h
  WRAP    arch/riscv/include/generated/uapi/asm/swab.h
  WRAP    arch/riscv/include/generated/uapi/asm/termbits.h
  WRAP    arch/riscv/include/generated/uapi/asm/types.h
  WRAP    arch/riscv/include/generated/uapi/asm/termios.h
  UPD     include/generated/uapi/linux/version.h
  UPD     include/generated/utsrelease.h
  UPD     include/generated/compile.h
  HOSTCC  scripts/dtc/dtc.o
  HOSTCC  scripts/dtc/flattree.o
  HOSTCC  scripts/dtc/fstree.o
  HOSTCC  scripts/dtc/data.o
  HOSTCC  scripts/dtc/srcpos.o
  HOSTCC  scripts/dtc/livetree.o
  LEX     scripts/dtc/dtc-lexer.lex.c
  HOSTCC  scripts/dtc/treesource.o
  HOSTCC  scripts/dtc/checks.o
  HOSTCC  scripts/dtc/util.o
  YACC    scripts/dtc/dtc-parser.tab.[ch]
  HOSTCC  scripts/dtc/libfdt/fdt.o
  HOSTCC  scripts/dtc/libfdt/fdt_ro.o
  HOSTCC  scripts/dtc/libfdt/fdt_wip.o
  HOSTCC  scripts/dtc/libfdt/fdt_sw.o
  HOSTCC  scripts/dtc/libfdt/fdt_rw.o
  HOSTCC  scripts/dtc/libfdt/fdt_strerror.o
  HOSTCC  scripts/dtc/libfdt/fdt_empty_tree.o
  HOSTCC  scripts/dtc/libfdt/fdt_addresses.o
  HOSTCC  scripts/dtc/libfdt/fdt_overlay.o
  HOSTCC  scripts/dtc/fdtoverlay.o
  WRAP    arch/riscv/include/generated/asm/early_ioremap.h
  WRAP    arch/riscv/include/generated/asm/flat.h
  WRAP    arch/riscv/include/generated/asm/kvm_para.h
  WRAP    arch/riscv/include/generated/asm/parport.h
  HOSTCC  scripts/dtc/dtc-lexer.lex.o
  WRAP    arch/riscv/include/generated/asm/spinlock.h
  WRAP    arch/riscv/include/generated/asm/spinlock_types.h
  WRAP    arch/riscv/include/generated/asm/qrwlock.h
  WRAP    arch/riscv/include/generated/asm/user.h
  WRAP    arch/riscv/include/generated/asm/qrwlock_types.h
  HOSTCC  scripts/dtc/dtc-parser.tab.o
  WRAP    arch/riscv/include/generated/asm/vmlinux.lds.h
  WRAP    arch/riscv/include/generated/asm/archrandom.h
  WRAP    arch/riscv/include/generated/asm/bugs.h
  WRAP    arch/riscv/include/generated/asm/checksum.h
  WRAP    arch/riscv/include/generated/asm/device.h
  WRAP    arch/riscv/include/generated/asm/div64.h
  WRAP    arch/riscv/include/generated/asm/dma-mapping.h
  WRAP    arch/riscv/include/generated/asm/dma.h
  WRAP    arch/riscv/include/generated/asm/emergency-restart.h
  WRAP    arch/riscv/include/generated/asm/exec.h
  WRAP    arch/riscv/include/generated/asm/hardirq.h
  WRAP    arch/riscv/include/generated/asm/fb.h
  WRAP    arch/riscv/include/generated/asm/hw_irq.h
  WRAP    arch/riscv/include/generated/asm/irq_regs.h
  WRAP    arch/riscv/include/generated/asm/kmap_size.h
  WRAP    arch/riscv/include/generated/asm/local.h
  WRAP    arch/riscv/include/generated/asm/local64.h
  WRAP    arch/riscv/include/generated/asm/msi.h
  WRAP    arch/riscv/include/generated/asm/preempt.h
  WRAP    arch/riscv/include/generated/asm/percpu.h
  WRAP    arch/riscv/include/generated/asm/rwonce.h
  WRAP    arch/riscv/include/generated/asm/shmparam.h
  WRAP    arch/riscv/include/generated/asm/serial.h
  WRAP    arch/riscv/include/generated/asm/simd.h
  WRAP    arch/riscv/include/generated/asm/softirq_stack.h
  WRAP    arch/riscv/include/generated/asm/unaligned.h
  WRAP    arch/riscv/include/generated/asm/trace_clock.h
  WRAP    arch/riscv/include/generated/asm/vga.h
  WRAP    arch/riscv/include/generated/asm/xor.h
  HOSTLD  scripts/dtc/fdtoverlay
  HOSTLD  scripts/dtc/dtc
  HOSTCC  scripts/kallsyms
  HOSTCC  scripts/sorttable
  HOSTCC  scripts/asn1_compiler
  HOSTCC  scripts/selinux/mdp/mdp
  HOSTCC  scripts/selinux/genheaders/genheaders
  CC      scripts/mod/empty.o
  HOSTCC  scripts/mod/mk_elfconfig
  CC      scripts/mod/devicetable-offsets.s
  UPD     scripts/mod/devicetable-offsets.h
  MKELF   scripts/mod/elfconfig.h
  HOSTCC  scripts/mod/modpost.o
  HOSTCC  scripts/mod/file2alias.o
  HOSTCC  scripts/mod/sumversion.o
  HOSTCC  scripts/mod/symsearch.o
  HOSTLD  scripts/mod/modpost
  CHKSHA1 include/linux/atomic/atomic-arch-fallback.h
  CC      kernel/bounds.s
  CHKSHA1 include/linux/atomic/atomic-instrumented.h
  CHKSHA1 include/linux/atomic/atomic-long.h
  UPD     include/generated/timeconst.h
  UPD     include/generated/bounds.h
  CC      arch/riscv/kernel/asm-offsets.s
  UPD     include/generated/asm-offsets.h
  CALL    scripts/checksyscalls.sh
  LDS     arch/riscv/kernel/vdso/vdso.lds
  AS      arch/riscv/kernel/vdso/rt_sigreturn.o
  CC      arch/riscv/kernel/vdso/vgettimeofday.o
  AS      arch/riscv/kernel/vdso/getcpu.o
  AS      arch/riscv/kernel/vdso/flush_icache.o
  CC      arch/riscv/kernel/vdso/hwprobe.o
  AS      arch/riscv/kernel/vdso/sys_hwprobe.o
  AS      arch/riscv/kernel/vdso/note.o
/tmp/ccvCHuXD.s: Assembler messages:
./arch/riscv/include/asm/vdso/processor.h:22: Error: unrecognized opcode `pause', extension `zihintpause' required
./arch/riscv/include/asm/vdso/processor.h:22: Error: unrecognized opcode `pause', extension `zihintpause' required
./arch/riscv/include/asm/vdso/processor.h:22: Error: unrecognized opcode `pause', extension `zihintpause' required
./arch/riscv/include/asm/vdso/processor.h:22: Error: unrecognized opcode `pause', extension `zihintpause' required
./arch/riscv/include/asm/vdso/processor.h:22: Error: unrecognized opcode `pause', extension `zihintpause' required
./arch/riscv/include/asm/vdso/processor.h:22: Error: unrecognized opcode `pause', extension `zihintpause' required
make[2]: *** [scripts/Makefile.build:243: arch/riscv/kernel/vdso/vgettimeofday.o] Error 1
make[1]: *** [arch/riscv/Makefile:137: vdso_prepare] Error 2
make: *** [Makefile:234: __sub-make] Error 2
make: Leaving directory '/root/retro-rv64-linux/linux'
EXIT:2
